ano;data_treinamento;periodo_original;matricula;nome;setor;setor_original;carga_min;carga_estimada;instrutor;equipamento;fonte;reciclagem;vinculo_2025;leitura_incerta
2025;2025-06-25;25/06/2025;21128071;Cristiane de Morais C. Bosco;UTI Neonatal / Infantil;UTI Neo;30;False;B. Braun;Bomba de infusão B. Braun (Space/Spaceplus);Lista manuscrita 2025 – pág. 1;;;False
2025;2025-06-25;25/06/2025;21128302;Débora Ferreira Couto Alves;UTI Neonatal / Infantil;UTI Neo;30;False;B. Braun;Bomba de infusão B. Braun (Space/Spaceplus);Lista manuscrita 2025 – pág. 1;;;False
2025;2025-06-25;25/06/2025;21127734;Elisa da Silva Jardini;UTI Neonatal / Infantil;UTI Neo;30;False;B. Braun;Bomba de infusão B. Braun (Space/Spaceplus);Lista manuscrita 2025 – pág. 1;;;False
2025;2025-06-25;25/06/2025;21127965;Joseane Junqueira Merchan;UTI Neonatal / Infantil;UTI Neo;30;False;B. Braun;Bomba de infusão B. Braun (Space/Spaceplus);Lista manuscrita 2025 – pág. 1;;;False
2025;2025-06-25;25/06/2025;21127572;Maisa Sueli Ferreira;UTI Neonatal / Infantil;UTI Neo;30;False;B. Braun;Bomba de infusão B. Braun (Space/Spaceplus);Lista manuscrita 2025 – pág. 1;;;False
2025;2025-06-25;25/06/2025;21127786;Mariana de Sousa Silva;UTI Neonatal / Infantil;UTI Neo;30;False;B. Braun;Bomba de infusão B. Braun (Space/Spaceplus);Lista manuscrita 2025 – pág. 1;;;False
2025;2025-06-25;25/06/2025;21128100;Nívia Ap Araujo Monteiro;UTI Neonatal / Infantil;UTI Neo;30;False;B. Braun;Bomba de infusão B. Braun (Space/Spaceplus);Lista manuscrita 2025 – pág. 1;;;False
2025;2025-06-25;25/06/2025;21127322;Talita Fernandes R. Borges;UTI Neonatal / Infantil;UTI Neo;30;False;B. Braun;Bomba de infusão B. Braun (Space/Spaceplus);Lista manuscrita 2025 – pág. 1;;;False
2025;2025-06-25;25/06/2025;21127919;Rodrigo Nascimento Cabral;UTI Neonatal / Infantil;UTI Neo;30;False;B. Braun;Bomba de infusão B. Braun (Space/Spaceplus);Lista manuscrita 2025 – pág. 1;;;False
2025;2025-06-25;25/06/2025;21128578;Lidiane Martins A. Capareli;UTI Neonatal / Infantil;UTI Neo;30;False;B. Braun;Bomba de infusão B. Braun (Space/Spaceplus);Lista manuscrita 2025 – pág. 2;;;False
2025;2025-06-25;25/06/2025;21126782;Maria Vitória V. Schirato de Souza;UTI Neonatal / Infantil;UTI Neo;30;False;B. Braun;Bomba de infusão B. Braun (Space/Spaceplus);Lista manuscrita 2025 – pág. 2;;;False
2025;2025-06-25;25/06/2025;21128132;Ana Paula Ribeiro;UTI Adulto 2;UTI 2;;True;B. Braun;Bomba de infusão B. Braun (Space/Spaceplus);Lista manuscrita 2025 – pág. 3;;;False
2025;2025-06-25;25/06/2025;21126408;Agostinho A. Moura;UTI Adulto 2;UTI 2;;True;B. Braun;Bomba de infusão B. Braun (Space/Spaceplus);Lista manuscrita 2025 – pág. 3;;;False
2025;2025-06-25;25/06/2025;21127884;Bianca Damas Estevão;UTI Adulto 2;UTI 2;;True;B. Braun;Bomba de infusão B. Braun (Space/Spaceplus);Lista manuscrita 2025 – pág. 3;;;False
2025;2025-06-25;25/06/2025;21128133;Bianca Dias Fernandes;UTI Adulto 2;UTI 2;;True;B. Braun;Bomba de infusão B. Braun (Space/Spaceplus);Lista manuscrita 2025 – pág. 3;;;False
2025;2025-06-25;25/06/2025;21128920;Carlos Eduardo Alves de Almeida;UTI Adulto 2;UTI 2;;True;B. Braun;Bomba de infusão B. Braun (Space/Spaceplus);Lista manuscrita 2025 – pág. 3;;;False
2025;2025-06-25;25/06/2025;21128801;Crislaine Aparecida Antonieti;UTI Adulto 2;UTI 2;;True;B. Braun;Bomba de infusão B. Braun (Space/Spaceplus);Lista manuscrita 2025 – pág. 3;;;False
2025;2025-06-25;25/06/2025;21128154;João Evangelista Borges;UTI Adulto 2;UTI 2;;True;B. Braun;Bomba de infusão B. Braun (Space/Spaceplus);Lista manuscrita 2025 – pág. 3;;;False
2025;2025-06-25;25/06/2025;21127342;Liliane Moreira;UTI Adulto 2;UTI 2;;True;B. Braun;Bomba de infusão B. Braun (Space/Spaceplus);Lista manuscrita 2025 – pág. 3;;;False
2025;2025-06-25;25/06/2025;21128806;Luan Jhonny Bracioli;UTI Adulto 2;UTI 2;;True;B. Braun;Bomba de infusão B. Braun (Space/Spaceplus);Lista manuscrita 2025 – pág. 3;;;False
2025;2025-06-25;25/06/2025;21127638;Lucimar Cristina A. Guilherme;UTI Adulto 2;UTI 2;;True;B. Braun;Bomba de infusão B. Braun (Space/Spaceplus);Lista manuscrita 2025 – pág. 3;;;False
2025;2025-06-25;25/06/2025;21128454;Maria Eduarda B. Cavalini;UTI Adulto 2;UTI AD 2;;True;B. Braun;Bomba de infusão B. Braun (Space/Spaceplus);Lista manuscrita 2025 – pág. 3;;;False
2025;2025-06-25;25/06/2025;21128707;Priscila Fernandes O. Andrade;UTI Adulto 2;UTI A 2;;True;B. Braun;Bomba de infusão B. Braun (Space/Spaceplus);Lista manuscrita 2025 – pág. 3;;;False
2025;2025-06-25;25/06/2025;21127648;Rosane Carvalho Faria;UTI Adulto 2;UTI 2 AD;;True;B. Braun;Bomba de infusão B. Braun (Space/Spaceplus);Lista manuscrita 2025 – pág. 3;;;False
2025;2025-06-25;25/06/2025;21128836;Sabrina Esteves Alves;UTI Adulto 2;UTI AD 2;;True;B. Braun;Bomba de infusão B. Braun (Space/Spaceplus);Lista manuscrita 2025 – pág. 3;;;False
2025;2025-06-25;25/06/2025;21128365;Thaila Cristina da Silva;UTI Adulto 2;UTI adulto 2;;True;B. Braun;Bomba de infusão B. Braun (Space/Spaceplus);Lista manuscrita 2025 – pág. 3;;;False
2025;2025-06-25;25/06/2025;21124966;Diego Rodolfo Ferreira;UTI Adulto 2;UTI 2;;True;B. Braun;Bomba de infusão B. Braun (Space/Spaceplus);Lista manuscrita 2025 – pág. 4;;;False
2025;2025-06-25;25/06/2025;21128834;Letícia L. M. Ferreira;Maternidade;Maternidade;20;False;B. Braun;Bomba de infusão B. Braun (Space/Spaceplus);Lista manuscrita 2025 – pág. 5;;;False
2025;2025-06-25;25/06/2025;21128182;Lorryna Bergamini de Oliveira;Maternidade;Maternidade;20;False;B. Braun;Bomba de infusão B. Braun (Space/Spaceplus);Lista manuscrita 2025 – pág. 5;;;False
2025;2025-06-25;25/06/2025;21128780;Maria José de Barros;Maternidade;Maternidade;20;False;B. Braun;Bomba de infusão B. Braun (Space/Spaceplus);Lista manuscrita 2025 – pág. 5;;;False
2025;2025-06-25;25/06/2025;32001057;Laiane Eliz Freitas Vieira;Maternidade;Maternidade;20;False;B. Braun;Bomba de infusão B. Braun (Space/Spaceplus);Lista manuscrita 2025 – pág. 5;;;False
2025;2025-06-25;25/06/2025;32002053;Aline Angelino de Araujo;Maternidade;Maternidade;20;False;B. Braun;Bomba de infusão B. Braun (Space/Spaceplus);Lista manuscrita 2025 – pág. 5;;;False
2025;2025-06-25;25/06/2025;21127969;Bianca Soares Pereira;Maternidade;Maternidade;20;False;B. Braun;Bomba de infusão B. Braun (Space/Spaceplus);Lista manuscrita 2025 – pág. 5;;;False
2025;2025-06-25;25/06/2025;;Érica Cristina (Clínica Médica);Ala 1 – Clínica Médica;Clínica Médica;20;False;B. Braun;Bomba de infusão B. Braun (Space/Spaceplus);Lista manuscrita 2025 – pág. 5;;;False
2025;2025-06-25;25/06/2025;21128786;Débora A.A.P. Miranda;CDC;CDC;20;False;B. Braun;Bomba de infusão B. Braun (Space/Spaceplus);Lista manuscrita 2025 – pág. 5;;;False
2025;2025-06-25;25/06/2025;21127802;Daiane C.P. Castellani;CDC;CDC;20;False;B. Braun;Bomba de infusão B. Braun (Space/Spaceplus);Lista manuscrita 2025 – pág. 5;;;False
2025;2025-06-25;25/06/2025;21128569;Esther Cunha de Souza;CDI;CDI;20;False;B. Braun;Bomba de infusão B. Braun (Space/Spaceplus);Lista manuscrita 2025 – pág. 5;;;False
2025;2025-06-25;25/06/2025;21126821;Janaina S. Clemente Lima;CDI;CDI;20;False;B. Braun;Bomba de infusão B. Braun (Space/Spaceplus);Lista manuscrita 2025 – pág. 5;;;False
2025;2025-06-25;25/06/2025;21123072;Edna Márcia Silva;CDI;CDI;20;False;B. Braun;Bomba de infusão B. Braun (Space/Spaceplus);Lista manuscrita 2025 – pág. 5;;;False
2025;2025-06-25;25/06/2025;21127948;Stephany Sgarbi Leal;CDC;CDC;20;False;B. Braun;Bomba de infusão B. Braun (Space/Spaceplus);Lista manuscrita 2025 – pág. 5;;;False
2025;2025-06-25;25/06/2025;21127660;Silvia Helena Oliveira;CDI;CDI;20;False;B. Braun;Bomba de infusão B. Braun (Space/Spaceplus);Lista manuscrita 2025 – pág. 5;;;False
2025;2025-06-25;25/06/2025;;Marta Bertoni;Ressonância;Ressonância;20;False;B. Braun;Bomba de infusão B. Braun (Space/Spaceplus);Lista manuscrita 2025 – pág. 6;;;False
2025;2025-06-25;25/06/2025;21128648;Milena Bernardes;CDC;CDC;20;False;B. Braun;Bomba de infusão B. Braun (Space/Spaceplus);Lista manuscrita 2025 – pág. 6;;;False
2025;2025-06-25;25/06/2025;21128269;Stéfani G. S. Barbosa;CDI;CDI;20;False;B. Braun;Bomba de infusão B. Braun (Space/Spaceplus);Lista manuscrita 2025 – pág. 6;;;False
2025;2025-06-25;25/06/2025;21127275;Kelly Cristina da Silva;CDI;CDI;20;False;B. Braun;Bomba de infusão B. Braun (Space/Spaceplus);Lista manuscrita 2025 – pág. 6;;;False
2025;2025-06-25;25/06/2025;21120201;Nilza Cristina G. Avila;Hospital Dia;Hospital Dia;30;False;B. Braun;Bomba de infusão B. Braun (Space/Spaceplus);Lista manuscrita 2025 – pág. 7;;;False
2025;2025-06-25;25/06/2025;21127334;Marisa Ferri;Hospital Dia;Hospital Dia;30;False;B. Braun;Bomba de infusão B. Braun (Space/Spaceplus);Lista manuscrita 2025 – pág. 7;;;False
2025;2025-06-25;25/06/2025;21120863;Aline Aguilar Campoi;Hospital Dia;Hospital Dia;30;False;B. Braun;Bomba de infusão B. Braun (Space/Spaceplus);Lista manuscrita 2025 – pág. 7;;;False
2025;2025-06-25;25/06/2025;21127751;Leopoldina Pereira;Hospital Dia;Hospital Dia;30;False;B. Braun;Bomba de infusão B. Braun (Space/Spaceplus);Lista manuscrita 2025 – pág. 7;;;False
2025;2025-06-25;25/06/2025;21127028;M. Cecília S. S. Barulev;Hospital Dia;Hospital Dia;30;False;B. Braun;Bomba de infusão B. Braun (Space/Spaceplus);Lista manuscrita 2025 – pág. 7;;;False
2025;2025-06-25;25/06/2025;21128463;Fernanda S. L. Souza;Quimioterapia;Quimio;30;False;B. Braun;Bomba de infusão B. Braun (Space/Spaceplus);Lista manuscrita 2025 – pág. 7;;;False
2025;2025-06-25;25/06/2025;21008497;Glayse Keny Costa Viliori;Quimioterapia;Quimio;30;False;B. Braun;Bomba de infusão B. Braun (Space/Spaceplus);Lista manuscrita 2025 – pág. 7;;;False
2025;2025-06-25;25/06/2025;21126580;Juliana F. Romeiro;Quimioterapia;Quimio;30;False;B. Braun;Bomba de infusão B. Braun (Space/Spaceplus);Lista manuscrita 2025 – pág. 7;;;False
2025;2025-06-25;25/06/2025;21128583;Gustavo Mendes;Quimioterapia;Quimio;30;False;B. Braun;Bomba de infusão B. Braun (Space/Spaceplus);Lista manuscrita 2025 – pág. 7;;;False
2025;2025-06-25;25/06/2025;21127792;Felipe B. Funchal;Quimioterapia;Quimio;30;False;B. Braun;Bomba de infusão B. Braun (Space/Spaceplus);Lista manuscrita 2025 – pág. 7;;;False
2025;2025-06-25;25/06/2025;21127685;Vitória F. P. Cassiano;Quimioterapia;Quimio;30;False;B. Braun;Bomba de infusão B. Braun (Space/Spaceplus);Lista manuscrita 2025 – pág. 7;;;False
2025;2025-06-25;25/06/2025;21128327;Vanessa Leite Del Bianco;Ala 2;Unidade 2;30;False;B. Braun;Bomba de infusão B. Braun (Space/Spaceplus);Lista manuscrita 2025 – pág. 7;;;False
2025;2025-06-25;25/06/2025;21127867;Karine A. da Silva;Ala 2;Ala 2;30;False;B. Braun;Bomba de infusão B. Braun (Space/Spaceplus);Lista manuscrita 2025 – pág. 7;;;False
2025;2025-06-25;25/06/2025;21126922;Celio Jacinto de Oliveira;Ala 2;Ala II;30;False;B. Braun;Bomba de infusão B. Braun (Space/Spaceplus);Lista manuscrita 2025 – pág. 7;;;False
2025;2025-06-25;25/06/2025;21126723;Ligia R. C. Samenho;Ala 2;Ala 2;30;False;B. Braun;Bomba de infusão B. Braun (Space/Spaceplus);Lista manuscrita 2025 – pág. 7;;;False
2025;2025-06-25;25/06/2025;21128656;Laís Cristina de Jesus Maschi;Ala 2;Ala 2;30;False;B. Braun;Bomba de infusão B. Braun (Space/Spaceplus);Lista manuscrita 2025 – pág. 7;;;False
2025;2025-06-25;25/06/2025;21127284;Matheus Leite Vaz;Ala 3;Ala 3;30;False;B. Braun;Bomba de infusão B. Braun (Space/Spaceplus);Lista manuscrita 2025 – pág. 7;;;False
2025;2025-06-25;25/06/2025;;Suzana Ap. M. Ferreira;Ala 3;Ala 3;30;False;B. Braun;Bomba de infusão B. Braun (Space/Spaceplus);Lista manuscrita 2025 – pág. 7;;;False
2025;2025-06-25;25/06/2025;32001064;Jhony Vinicius Santos;Ala 3;Ala 3;30;False;B. Braun;Bomba de infusão B. Braun (Space/Spaceplus);Lista manuscrita 2025 – pág. 7;;;False
2025;2025-06-25;25/06/2025;21127674;Adriana O. Araujo;Ala 3;Ala 3;30;False;B. Braun;Bomba de infusão B. Braun (Space/Spaceplus);Lista manuscrita 2025 – pág. 7;;;False
2025;2025-06-25;25/06/2025;21128128;Maria Emília Silva;Ala 1 – Clínica Médica;Ala I;30;False;B. Braun;Bomba de infusão B. Braun (Space/Spaceplus);Lista manuscrita 2025 – pág. 7;;;False
2025;2025-06-25;25/06/2025;21128489;Danyela da C. Alves;Ala 1 – Clínica Médica;Ala I;30;False;B. Braun;Bomba de infusão B. Braun (Space/Spaceplus);Lista manuscrita 2025 – pág. 7;;;False
2025;2025-06-25;25/06/2025;21127358;Samanta Ap. Pereira;Ala 1 – Clínica Médica;Ala I (clínica);30;False;B. Braun;Bomba de infusão B. Braun (Space/Spaceplus);Lista manuscrita 2025 – pág. 7;;;False
2025;2025-06-25;25/06/2025;21128123;Gabriella C. R. Silva;Ala 1 – Clínica Médica;Ala I (clínica);30;False;B. Braun;Bomba de infusão B. Braun (Space/Spaceplus);Lista manuscrita 2025 – pág. 7;;;False
2025;2025-06-25;25/06/2025;21126618;Simone de Paulo;Pediatria;Pediatria;30;False;B. Braun;Bomba de infusão B. Braun (Space/Spaceplus);Lista manuscrita 2025 – pág. 7;;;False
2025;2025-06-25;25/06/2025;21128391;Eliene Queiroz de Menezes;Pediatria;Pediatria;30;False;B. Braun;Bomba de infusão B. Braun (Space/Spaceplus);Lista manuscrita 2025 – pág. 7;;;False
2025;2025-06-25;25/06/2025;21128919;Taniane C. G. Carrijo;Pediatria;Pediatria;30;False;B. Braun;Bomba de infusão B. Braun (Space/Spaceplus);Lista manuscrita 2025 – pág. 7;;;False
2025;2025-06-25;25/06/2025;21128762;Larissa Santos;Ala 1 – Clínica Médica;Ala 1;30;False;B. Braun;Bomba de infusão B. Braun (Space/Spaceplus);Lista manuscrita 2025 – pág. 7;;;False
2025;2025-06-25;25/06/2025;21128493;Larissa Santos Guimarães;UTI Adulto 1;UTI Adulto 1;20;False;B. Braun;Bomba de infusão B. Braun (Space/Spaceplus);Lista manuscrita 2025 – pág. 8;;;False
2025;2025-06-25;25/06/2025;21128373;Larissa Ramos dos Santos;UTI Adulto 1;UTI adulto 1;20;False;B. Braun;Bomba de infusão B. Braun (Space/Spaceplus);Lista manuscrita 2025 – pág. 8;;;False
2025;2025-06-25;25/06/2025;21128857;Marília Adler G. da Silva;UTI Adulto 2;UTI adulto 2;20;False;B. Braun;Bomba de infusão B. Braun (Space/Spaceplus);Lista manuscrita 2025 – pág. 8;;;False
2025;2025-06-25;25/06/2025;32002072;Elaine Carreira;Ala 5;Ala 5;20;False;B. Braun;Bomba de infusão B. Braun (Space/Spaceplus);Lista manuscrita 2025 – pág. 8;;;False
2025;2025-06-25;25/06/2025;21128634;Jerico Willian;Ala 5;Ala 5;20;False;B. Braun;Bomba de infusão B. Braun (Space/Spaceplus);Lista manuscrita 2025 – pág. 8;;;False
2025;2025-06-25;25/06/2025;21125211;Juliano da Silva Prado;Ala 5;Ala 5;20;False;B. Braun;Bomba de infusão B. Braun (Space/Spaceplus);Lista manuscrita 2025 – pág. 8;;;False
2025;2025-06-25;25/06/2025;21128771;Lana Luísa C. Pereira;Ala 5;Ala 5;20;False;B. Braun;Bomba de infusão B. Braun (Space/Spaceplus);Lista manuscrita 2025 – pág. 8;;;False
2025;2025-06-25;25/06/2025;21127841;Caroline Costa Silva;Endoscopia;Endoscopia;20;False;B. Braun;Bomba de infusão B. Braun (Space/Spaceplus);Lista manuscrita 2025 – pág. 8;;;False
2025;2025-06-25;25/06/2025;21121045;Edineia Alves Rocha;Endoscopia;Endoscopia;20;False;B. Braun;Bomba de infusão B. Braun (Space/Spaceplus);Lista manuscrita 2025 – pág. 8;;;False
2025;2025-06-25;25/06/2025;21121614;Luiz Souza Henrique;Endoscopia;EDA;20;False;B. Braun;Bomba de infusão B. Braun (Space/Spaceplus);Lista manuscrita 2025 – pág. 8;;;False
2025;2025-06-25;25/06/2025;21128025;Jaqueline Morais Pereira;Endoscopia;EDA;20;False;B. Braun;Bomba de infusão B. Braun (Space/Spaceplus);Lista manuscrita 2025 – pág. 8;;;False
2025;2025-06-25;25/06/2025;21123218;Leiane C. de Almeida;Endoscopia;EDA;20;False;B. Braun;Bomba de infusão B. Braun (Space/Spaceplus);Lista manuscrita 2025 – pág. 8;;;False
2025;2025-06-25;25/06/2025;21127410;Carolina Martins Silva;Endoscopia;EDA;20;False;B. Braun;Bomba de infusão B. Braun (Space/Spaceplus);Lista manuscrita 2025 – pág. 8;;;False
2025;2025-06-25;25/06/2025;21128017;Elzonita Marcia Pereira;Endoscopia;EDA;20;False;B. Braun;Bomba de infusão B. Braun (Space/Spaceplus);Lista manuscrita 2025 – pág. 8;;;False
2025;2025-06-25;25/06/2025;21125466;Jessica Ap. S. Machado;Endoscopia;EDA;20;False;B. Braun;Bomba de infusão B. Braun (Space/Spaceplus);Lista manuscrita 2025 – pág. 8;;;False
2025;2025-06-25;25/06/2025;21128904;Vanessa C. O. G. Hugo;Endoscopia;EDA;20;False;B. Braun;Bomba de infusão B. Braun (Space/Spaceplus);Lista manuscrita 2025 – pág. 8;;;False
2025;2025-06-25;25/06/2025;;Liliane (Endoscopia);Endoscopia;Endoscopia;20;False;B. Braun;Bomba de infusão B. Braun (Space/Spaceplus);Lista manuscrita 2025 – pág. 8;;;False
2025;2025-06-25;25/06/2025;21128478;Franciane F. da Silva;Endoscopia;Endoscopia;20;False;B. Braun;Bomba de infusão B. Braun (Space/Spaceplus);Lista manuscrita 2025 – pág. 8;;;False
2025;2025-06-25;25/06/2025;21128831;Rosinea Ap. Sabino;Endoscopia;Sem. Endoscopia;20;False;B. Braun;Bomba de infusão B. Braun (Space/Spaceplus);Lista manuscrita 2025 – pág. 8;;;False
2025;2025-06-25;25/06/2025;21128838;Danielle B. Ferreira;Hemodiálise;Hemodiálise;20;False;B. Braun;Bomba de infusão B. Braun (Space/Spaceplus);Lista manuscrita 2025 – pág. 8;;;False
2025;2025-06-25;25/06/2025;21128723;Roberta Rodrigues T.;UTI Adulto 1;UTI adulto 1;20;False;B. Braun;Bomba de infusão B. Braun (Space/Spaceplus);Lista manuscrita 2025 – pág. 9;;;False
2025;2025-06-25;25/06/2025;;Rosa Ap. André;UTI Adulto 1;UTI adulto 1;20;False;B. Braun;Bomba de infusão B. Braun (Space/Spaceplus);Lista manuscrita 2025 – pág. 9;;;False
2025;2025-06-25;25/06/2025;21128887;Deyse Fabio Silva;UTI Adulto 1;UTI adulto 1;20;False;B. Braun;Bomba de infusão B. Braun (Space/Spaceplus);Lista manuscrita 2025 – pág. 9;;;False
2025;2025-06-25;25/06/2025;21128903;Maria Angela Folgosi;UTI Adulto 1;UTI adulto 1;20;False;B. Braun;Bomba de infusão B. Braun (Space/Spaceplus);Lista manuscrita 2025 – pág. 9;;;False
2025;2025-06-25;25/06/2025;21128829;Ana Carolina Santos S.;UTI Adulto 1;UTI Adulto 1;20;False;B. Braun;Bomba de infusão B. Braun (Space/Spaceplus);Lista manuscrita 2025 – pág. 9;;;False
2025;2025-06-25;25/06/2025;32001060;Maria Eduarda M. Boldrin;UTI Adulto 1;UTI Adulto 1;20;False;B. Braun;Bomba de infusão B. Braun (Space/Spaceplus);Lista manuscrita 2025 – pág. 9;;;False
2025;2025-06-25;25/06/2025;21128839;Flávio Gonçalves Carvalho;UTI Adulto 1;UTI Adulto 1;20;False;B. Braun;Bomba de infusão B. Braun (Space/Spaceplus);Lista manuscrita 2025 – pág. 9;;;False
2025;2025-06-25;25/06/2025;21127388;Alessandra Soares;UTI Adulto 2;UTI II;20;False;B. Braun;Bomba de infusão B. Braun (Space/Spaceplus);Lista manuscrita 2025 – pág. 9;;;False
2025;2025-06-25;25/06/2025;21126629;Patrícia Neves;UTI Adulto 2;UTI II;20;False;B. Braun;Bomba de infusão B. Braun (Space/Spaceplus);Lista manuscrita 2025 – pág. 9;;;False
2025;2025-06-25;25/06/2025;21124141;Jean C. Silva;UTI Adulto 2;UTI 2;20;False;B. Braun;Bomba de infusão B. Braun (Space/Spaceplus);Lista manuscrita 2025 – pág. 9;;;False
2025;2025-06-25;25/06/2025;21128590;Paola Aparecida S. Araújo;Ala 5;Ala 5;20;False;B. Braun;Bomba de infusão B. Braun (Space/Spaceplus);Lista manuscrita 2025 – pág. 9;;;False
2025;2025-06-25;25/06/2025;21128592;Luiz Ricardo B. Silva;Ala 5;Ala 5;20;False;B. Braun;Bomba de infusão B. Braun (Space/Spaceplus);Lista manuscrita 2025 – pág. 9;;;False
2025;2025-06-25;25/06/2025;32001041;Kittlin Pereira Pagnan;Ala 5;Ala 5;20;False;B. Braun;Bomba de infusão B. Braun (Space/Spaceplus);Lista manuscrita 2025 – pág. 9;;;False
2025;2025-06-25;25/06/2025;21127396;Mariana de S. Matoso;Ala 5;Ala 5;20;False;B. Braun;Bomba de infusão B. Braun (Space/Spaceplus);Lista manuscrita 2025 – pág. 9;;;False
2025;2025-06-25;25/06/2025;21127606;Luzia A. de Souza;UTI Adulto 1;UTI A;20;False;B. Braun;Bomba de infusão B. Braun (Space/Spaceplus);Lista manuscrita 2025 – pág. 9;;;False
2025;2025-06-25;25/06/2025;21127808;Carla Rita Moreira Pandolfo Fonseca;UTI Adulto 1;UTI A;20;False;B. Braun;Bomba de infusão B. Braun (Space/Spaceplus);Lista manuscrita 2025 – pág. 9;;;False
2025;2025-06-25;25/06/2025;21128706;Abigair Ap. Cintra;UTI Adulto 1;UTI-A;20;False;B. Braun;Bomba de infusão B. Braun (Space/Spaceplus);Lista manuscrita 2025 – pág. 9;;;False
2025;2025-06-25;25/06/2025;21128271;Camila Higino P. Costa;UTI Adulto 1;UTI-A;20;False;B. Braun;Bomba de infusão B. Braun (Space/Spaceplus);Lista manuscrita 2025 – pág. 9;;;False
2025;2025-06-25;25/06/2025;21128633;Jéssica Campos Montagnini;UTI Adulto 1;UTI-A;20;False;B. Braun;Bomba de infusão B. Braun (Space/Spaceplus);Lista manuscrita 2025 – pág. 9;;;False
2025;2025-06-25;25/06/2025;21127525;Eloá Mayumi Miura;UTI Neonatal / Infantil;UTI Infantil;20;False;B. Braun;Bomba de infusão B. Braun (Space/Spaceplus);Lista manuscrita 2025 – pág. 9;;;False
2025;2025-06-25;25/06/2025;21128635;Jéssica Helena Costa;UTI Neonatal / Infantil;UTI Neo-Inf;20;False;B. Braun;Bomba de infusão B. Braun (Space/Spaceplus);Lista manuscrita 2025 – pág. 9;;;False
2025;2025-06-25;25/06/2025;21128225;Beatriz Brandieri;UTI Neonatal / Infantil;UTI Neo;20;False;B. Braun;Bomba de infusão B. Braun (Space/Spaceplus);Lista manuscrita 2025 – pág. 10;;;False
2025;2025-06-25;25/06/2025;21128657;Jéssica M. S. Oliveira;UTI Neonatal / Infantil;UTI Neo;20;False;B. Braun;Bomba de infusão B. Braun (Space/Spaceplus);Lista manuscrita 2025 – pág. 10;;;False
2025;2025-06-25;25/06/2025;21128217;Valeria F. Domenes Casanta;UTI Neonatal / Infantil;UTI Neo;20;False;B. Braun;Bomba de infusão B. Braun (Space/Spaceplus);Lista manuscrita 2025 – pág. 10;;;False
2025;2025-06-25;25/06/2025;21128239;Júlia E. A. R. Cabral;UTI Neonatal / Infantil;UTI neonatal;20;False;B. Braun;Bomba de infusão B. Braun (Space/Spaceplus);Lista manuscrita 2025 – pág. 10;;;False
2025;2025-06-25;25/06/2025;21128009;Daniela Fernandes;Pediatria;Pediatria;20;False;B. Braun;Bomba de infusão B. Braun (Space/Spaceplus);Lista manuscrita 2025 – pág. 10;;;False
2025;2025-06-25;25/06/2025;21128431;Ana Paula Salatine;Pediatria;Pediatria;20;False;B. Braun;Bomba de infusão B. Braun (Space/Spaceplus);Lista manuscrita 2025 – pág. 10;;;False
2025;2025-06-25;25/06/2025;21128070;Letícia Pires Souza;Pediatria;Pediatria;20;False;B. Braun;Bomba de infusão B. Braun (Space/Spaceplus);Lista manuscrita 2025 – pág. 10;;;False
2025;2025-06-25;25/06/2025;21128778;Maria Júlia de Oliveira Silva;Pediatria;Pediatria;20;False;B. Braun;Bomba de infusão B. Braun (Space/Spaceplus);Lista manuscrita 2025 – pág. 10;;;False
2025;2025-06-25;25/06/2025;21128361;Maira Essado Bertoni Alvarenga;Pediatria;Pediatria;20;False;B. Braun;Bomba de infusão B. Braun (Space/Spaceplus);Lista manuscrita 2025 – pág. 10;;;False
2025;2025-06-25;25/06/2025;32001028;Dayane P. Peixoto;Ala 1 – Clínica Médica;Ala Clínica;20;False;B. Braun;Bomba de infusão B. Braun (Space/Spaceplus);Lista manuscrita 2025 – pág. 10;;;False
2025;2025-06-25;25/06/2025;21128008;Bruna C. Batista;Ala 1 – Clínica Médica;Ala Clínica;20;False;B. Braun;Bomba de infusão B. Braun (Space/Spaceplus);Lista manuscrita 2025 – pág. 10;;;False
2025;2025-06-25;25/06/2025;21127727;Brenda Queiroz dos Santos;Maternidade;Maternidade;20;False;B. Braun;Bomba de infusão B. Braun (Space/Spaceplus);Lista manuscrita 2025 – pág. 10;;;False
2025;2025-06-25;25/06/2025;21127622;Thaila Oliveira;Maternidade;Maternidade;20;False;B. Braun;Bomba de infusão B. Braun (Space/Spaceplus);Lista manuscrita 2025 – pág. 10;;;False
2025;2025-06-25;25/06/2025;21128424;Lavynea O. Ferreira de Paula;Maternidade;Maternidade;20;False;B. Braun;Bomba de infusão B. Braun (Space/Spaceplus);Lista manuscrita 2025 – pág. 10;;;False
2025;2025-06-25;25/06/2025;;Vanessa Randi Teodoro;Maternidade;Maternidade;20;False;B. Braun;Bomba de infusão B. Braun (Space/Spaceplus);Lista manuscrita 2025 – pág. 10;;;False
2025;2025-06-25;25/06/2025;21124872;Patrícia Aparecida Emerenciano;Maternidade;Maternidade;20;False;B. Braun;Bomba de infusão B. Braun (Space/Spaceplus);Lista manuscrita 2025 – pág. 10;;;False
2025;2025-06-25;25/06/2025;21126329;Andreia C. Aguila Castro;Maternidade;Maternidade;20;False;B. Braun;Bomba de infusão B. Braun (Space/Spaceplus);Lista manuscrita 2025 – pág. 10;;;False
2025;2025-06-25;25/06/2025;21127507;Karen Hapuk Alves;Ala 2;Ala 2;20;False;B. Braun;Bomba de infusão B. Braun (Space/Spaceplus);Lista manuscrita 2025 – pág. 10;;;False
2025;2025-06-25;25/06/2025;21127824;Mylene N. F. Simone;Ala 2;Ala 2;20;False;B. Braun;Bomba de infusão B. Braun (Space/Spaceplus);Lista manuscrita 2025 – pág. 10;;;False
2025;2025-06-25;25/06/2025;21128883;Charles V. Costa Moreira;Ala 2;Ala 2;20;False;B. Braun;Bomba de infusão B. Braun (Space/Spaceplus);Lista manuscrita 2025 – pág. 10;;;False
2025;2025-06-25;25/06/2025;21128766;Roseane dos Reis;Ala 2;Ala 2;20;False;B. Braun;Bomba de infusão B. Braun (Space/Spaceplus);Lista manuscrita 2025 – pág. 10;;;False
2025;2025-06-25;25/06/2025;21128832;Débora da Silva Cândido;Ala 2;Ala 2;20;False;B. Braun;Bomba de infusão B. Braun (Space/Spaceplus);Lista manuscrita 2025 – pág. 11;;;False
2025;2025-06-25;25/06/2025;21128490;Edilaine C. F. Barbosa;Ala 2;Ala 02;20;False;B. Braun;Bomba de infusão B. Braun (Space/Spaceplus);Lista manuscrita 2025 – pág. 11;;;False
2025;2025-06-25;25/06/2025;21128427;Vitória Alves Medrado;Ala 2;Ala 02;20;False;B. Braun;Bomba de infusão B. Braun (Space/Spaceplus);Lista manuscrita 2025 – pág. 11;;;False
2025;2025-06-25;25/06/2025;21127961;Juliana C. O. Soares;Ala 2;Ala 2;20;False;B. Braun;Bomba de infusão B. Braun (Space/Spaceplus);Lista manuscrita 2025 – pág. 11;;;False
2025;2025-06-25;25/06/2025;20128712;Robert dos Santos;Ala 2;Ala 2;20;False;B. Braun;Bomba de infusão B. Braun (Space/Spaceplus);Lista manuscrita 2025 – pág. 11;;;False
2025;2025-06-25;25/06/2025;21128267;Jhonny M. D. Vitorino;Ala 2;Ala 2;20;False;B. Braun;Bomba de infusão B. Braun (Space/Spaceplus);Lista manuscrita 2025 – pág. 11;;;False
2025;2025-06-25;25/06/2025;21127314;Gabriela Nogueira Cortez;Ala 2;Ala 2;20;False;B. Braun;Bomba de infusão B. Braun (Space/Spaceplus);Lista manuscrita 2025 – pág. 11;;;False
2025;2025-06-25;25/06/2025;;Mirely Rosa Galvão da Silva;Pediatria;Pediatria;20;False;B. Braun;Bomba de infusão B. Braun (Space/Spaceplus);Lista manuscrita 2025 – pág. 11;;;False
2025;2025-06-25;25/06/2025;21128840;Siane S. S. Oliveira;Pediatria;Pediatria;20;False;B. Braun;Bomba de infusão B. Braun (Space/Spaceplus);Lista manuscrita 2025 – pág. 11;;;False
2025;2025-06-25;25/06/2025;21127911;Paula C. Alves;Pediatria;Pediatria;20;False;B. Braun;Bomba de infusão B. Braun (Space/Spaceplus);Lista manuscrita 2025 – pág. 11;;;False
2025;2025-06-25;25/06/2025;21128447;Marcia C. F. N. Figueirali;Pediatria;Pediatria;20;False;B. Braun;Bomba de infusão B. Braun (Space/Spaceplus);Lista manuscrita 2025 – pág. 11;;;False
2025;2025-06-25;25/06/2025;21127958;Lara Silva Guedes Cruz;UTI Adulto 2;UTI 2;20;False;B. Braun;Bomba de infusão B. Braun (Space/Spaceplus);Lista manuscrita 2025 – pág. 11;;;False
2025;2025-06-25;25/06/2025;21128059;Ana Carolina S. Oliveira;UTI Adulto 2;UTI 2;20;False;B. Braun;Bomba de infusão B. Braun (Space/Spaceplus);Lista manuscrita 2025 – pág. 11;;;False
2025;2025-06-25;25/06/2025;21128067;Wallisson Silva Andrade;UTI Adulto 2;UTI 2;20;False;B. Braun;Bomba de infusão B. Braun (Space/Spaceplus);Lista manuscrita 2025 – pág. 11;;;False
2025;2025-06-25;25/06/2025;21127150;Roseli Leite S. Ferreira;UTI Adulto 2;UTI 2;20;False;B. Braun;Bomba de infusão B. Braun (Space/Spaceplus);Lista manuscrita 2025 – pág. 11;;;False
2025;2025-06-25;25/06/2025;21128719;Larissa Nobi Lopes;UTI Adulto 2;UTI 2;20;False;B. Braun;Bomba de infusão B. Braun (Space/Spaceplus);Lista manuscrita 2025 – pág. 11;;;False
2025;2025-06-25;25/06/2025;21127962;Isabela Guerino Basilio;UTI Adulto 2;UTI 2;20;False;B. Braun;Bomba de infusão B. Braun (Space/Spaceplus);Lista manuscrita 2025 – pág. 11;;;False
2025;2025-06-25;25/06/2025;21127554;(ilegível) Ala 3;Ala 3;Ala 3;20;False;B. Braun;Bomba de infusão B. Braun (Space/Spaceplus);Lista manuscrita 2025 – pág. 11;;;True
2025;2025-06-25;25/06/2025;21128884;Elivelton Augusto Pimenta;Ala 3;Ala 3;20;False;B. Braun;Bomba de infusão B. Braun (Space/Spaceplus);Lista manuscrita 2025 – pág. 11;;;False
2025;2025-06-25;25/06/2025;21128856;Enéas Cipriano;Ala 3;Ala 3;20;False;B. Braun;Bomba de infusão B. Braun (Space/Spaceplus);Lista manuscrita 2025 – pág. 11;;;False
2025;2025-06-25;25/06/2025;21122833;Rosineide F. Santos;Ala 3;Ala 3;20;False;B. Braun;Bomba de infusão B. Braun (Space/Spaceplus);Lista manuscrita 2025 – pág. 11;;;False
2025;2025-06-25;25/06/2025;21127810;Adriana F. Luiz;Ala 3;Ala 3;20;False;B. Braun;Bomba de infusão B. Braun (Space/Spaceplus);Lista manuscrita 2025 – pág. 12;;;False
2025;2025-06-25;25/06/2025;21128181;Maria Flávia dos Santos Diniz;Ala 3;Ala 3;20;False;B. Braun;Bomba de infusão B. Braun (Space/Spaceplus);Lista manuscrita 2025 – pág. 12;;;False
2025;2025-06-25;25/06/2025;21128002;Amanda Peres Rodrigues;Ala 3;Ala 3;20;False;B. Braun;Bomba de infusão B. Braun (Space/Spaceplus);Lista manuscrita 2025 – pág. 12;;;False
2025;2025-06-25;25/06/2025;21127292;Juliany dos Santos;CCIH;CCIH;20;False;B. Braun;Bomba de infusão B. Braun (Space/Spaceplus);Lista manuscrita 2025 – pág. 12;;;False
2025;2025-06-25;25/06/2025;21128730;(ilegível) CCIH;CCIH;CCIH;20;False;B. Braun;Bomba de infusão B. Braun (Space/Spaceplus);Lista manuscrita 2025 – pág. 12;;;True
2025;2025-07-26;26/07/2025;21125889;Juliana D. M.;UTI Adulto 1;CTI A;;True;B. Braun;Bomba de infusão B. Braun (Space/Spaceplus);Lista manuscrita 2025 – pág. 13;;;False
2025;2025-07-26;26/07/2025;21127983;Paulo Cesar;UTI Adulto 1;CTI A;;True;B. Braun;Bomba de infusão B. Braun (Space/Spaceplus);Lista manuscrita 2025 – pág. 13;;;False
2025;2025-07-26;26/07/2025;21126709;Daniel Ricardo Fernandes;UTI Adulto 1;UTI adulto;;True;B. Braun;Bomba de infusão B. Braun (Space/Spaceplus);Lista manuscrita 2025 – pág. 13;;;False
2025;2025-07-26;26/07/2025;21126152;Rejane C. F. Custódio;UTI Adulto 1;CTI A;;True;B. Braun;Bomba de infusão B. Braun (Space/Spaceplus);Lista manuscrita 2025 – pág. 13;;;False
2025;2025-07-26;26/07/2025;21128852;Isaac Barbosa;UTI Adulto 1;CTI A;;True;B. Braun;Bomba de infusão B. Braun (Space/Spaceplus);Lista manuscrita 2025 – pág. 13;;;False
2025;2025-07-26;26/07/2025;21126211;Mariana P. Rodrigues;UTI Adulto 1;CTI A;;True;B. Braun;Bomba de infusão B. Braun (Space/Spaceplus);Lista manuscrita 2025 – pág. 13;;;False
2025;2025-06-26;26/06/2025;;Athos Henrique Semeão;Ala 1 – Clínica Médica;Unidade Clínica;;True;B. Braun;Bomba de infusão B. Braun (Space/Spaceplus);Lista manuscrita 2025 – pág. 14;;;False
2025;2025-06-26;26/06/2025;21128851;Beatriz Marques;Ala 1 – Clínica Médica;Unidade Clínica;;True;B. Braun;Bomba de infusão B. Braun (Space/Spaceplus);Lista manuscrita 2025 – pág. 14;;;False
2025;2025-06-26;26/06/2025;21128849;Camila H. I. M. Pim;Ala 1 – Clínica Médica;Unidade Clínica;;True;B. Braun;Bomba de infusão B. Braun (Space/Spaceplus);Lista manuscrita 2025 – pág. 14;;;False
2025;2025-06-26;26/06/2025;21127049;Cássia Ap. Surrine;Ala 1 – Clínica Médica;Unidade Clínica;;True;B. Braun;Bomba de infusão B. Braun (Space/Spaceplus);Lista manuscrita 2025 – pág. 14;;;False
2025;2025-06-26;26/06/2025;32001068;Fernanda B. D. Campos;Ala 1 – Clínica Médica;Unidade Clínica;;True;B. Braun;Bomba de infusão B. Braun (Space/Spaceplus);Lista manuscrita 2025 – pág. 14;;;False
2025;2025-06-26;26/06/2025;21128081;Ingred B. F. da Silva;Ala 1 – Clínica Médica;Unidade Clínica;;True;B. Braun;Bomba de infusão B. Braun (Space/Spaceplus);Lista manuscrita 2025 – pág. 14;;;False
2025;2025-06-26;26/06/2025;21127499;Júlia Maria D. C. Teles de Faria;Ala 1 – Clínica Médica;Unidade Clínica;;True;B. Braun;Bomba de infusão B. Braun (Space/Spaceplus);Lista manuscrita 2025 – pág. 15;;;False
2025;2025-06-26;26/06/2025;21128099;Letícia Rafaela;Ala 1 – Clínica Médica;Unidade Clínica;;True;B. Braun;Bomba de infusão B. Braun (Space/Spaceplus);Lista manuscrita 2025 – pág. 15;;;False
2025;2025-06-26;26/06/2025;21128139;Marina Rios;Ala 1 – Clínica Médica;Unidade Clínica;;True;B. Braun;Bomba de infusão B. Braun (Space/Spaceplus);Lista manuscrita 2025 – pág. 15;;;False
2025;2025-06-26;26/06/2025;21128086;Tatiana;Ala 1 – Clínica Médica;Unidade Clínica;;True;B. Braun;Bomba de infusão B. Braun (Space/Spaceplus);Lista manuscrita 2025 – pág. 15;;;False
2025;2025-06-26;26/06/2025;21127418;Zilma Ap. da Silva;Ala 1 – Clínica Médica;Unidade Clínica;;True;B. Braun;Bomba de infusão B. Braun (Space/Spaceplus);Lista manuscrita 2025 – pág. 15;;;False
2025;2025-06-27;27/06/2025;21128544;Eleandro Barbosa;Hemodinâmica;Hemodinâmica;;True;B. Braun;Bomba de infusão B. Braun (Space/Spaceplus);Lista manuscrita 2025 – pág. 16;;;False
2025;2025-06-27;27/06/2025;21128572;Johnny Ubiali;Hemodinâmica;Hemodinâmica;;True;B. Braun;Bomba de infusão B. Braun (Space/Spaceplus);Lista manuscrita 2025 – pág. 16;;;False
2025;2025-06-27;27/06/2025;21128546;Sheila D'arc Bazon;Hemodinâmica;Hemodinâmica;;True;B. Braun;Bomba de infusão B. Braun (Space/Spaceplus);Lista manuscrita 2025 – pág. 16;;;False
2025;2025-06-30;30/06-04/07/2025;21128499;Cláudia G. Amorim;Endoscopia;Endoscopia;30;False;B. Braun;Bomba de infusão B. Braun (Space/Spaceplus);Lista manuscrita 2025 – pág. 17;;;False
2025;2025-06-30;30/06-04/07/2025;21128925;Lana Amaral;Endoscopia;Endoscopia;30;False;B. Braun;Bomba de infusão B. Braun (Space/Spaceplus);Lista manuscrita 2025 – pág. 17;;;False
2025;2025-06-30;30/06-04/07/2025;21127889;Evelyn Ed. Gomes Silva;Endoscopia;Endoscopia;30;False;B. Braun;Bomba de infusão B. Braun (Space/Spaceplus);Lista manuscrita 2025 – pág. 17;;;False
2025;2025-06-30;30/06-04/07/2025;21128146;Maria C. P. Fernandes;Endoscopia;Endoscopia;30;False;B. Braun;Bomba de infusão B. Braun (Space/Spaceplus);Lista manuscrita 2025 – pág. 17;;;False
2025;2025-06-30;30/06-04/07/2025;21128253;Liliane R. Silva;Endoscopia;Endoscopia;30;False;B. Braun;Bomba de infusão B. Braun (Space/Spaceplus);Lista manuscrita 2025 – pág. 17;;;False
2025;2025-06-30;30/06-04/07/2025;11207911;Fabrícia Capel Boldrino;Unilar;Unilar;30;False;B. Braun;Bomba de infusão B. Braun (Space/Spaceplus);Lista manuscrita 2025 – pág. 17;;;False
2025;2025-06-30;30/06-04/07/2025;23000922;Magda I. S.;Unilar;Unilar;30;False;B. Braun;Bomba de infusão B. Braun (Space/Spaceplus);Lista manuscrita 2025 – pág. 17;;;False
2025;2025-06-30;30/06-04/07/2025;11207641;Letícia Soares de Freitas;Unilar;Unilar;30;False;B. Braun;Bomba de infusão B. Braun (Space/Spaceplus);Lista manuscrita 2025 – pág. 17;;;False
2025;2025-06-30;30/06-04/07/2025;21004194;Iona Luna de Faria;UTI Adulto 1;CTI A 01;30;False;B. Braun;Bomba de infusão B. Braun (Space/Spaceplus);Lista manuscrita 2025 – pág. 17;;;False
2025;2025-06-30;30/06-04/07/2025;;Patrícia D. S. B. Bernardes;UTI Adulto 1;CTI-A 01;30;False;B. Braun;Bomba de infusão B. Braun (Space/Spaceplus);Lista manuscrita 2025 – pág. 17;;;False
2025;2025-06-30;30/06-04/07/2025;21128464;Eduardo Andrade Brandão;UTI Adulto 1;CTI-A 01;30;False;B. Braun;Bomba de infusão B. Braun (Space/Spaceplus);Lista manuscrita 2025 – pág. 17;;;False
2025;2025-06-30;30/06-04/07/2025;21127422;Mariana Lima Canto;Consultório Obstétrico / Prog. Gestante;Programa Gestante;30;False;B. Braun;Bomba de infusão B. Braun (Space/Spaceplus);Lista manuscrita 2025 – pág. 17;;;False
2025;2025-06-30;30/06-04/07/2025;21127873;Rafael Leandro Pimenta;Ala 5;Ala 5;30;False;B. Braun;Bomba de infusão B. Braun (Space/Spaceplus);Lista manuscrita 2025 – pág. 17;;;False
2025;2025-06-30;30/06-04/07/2025;21127252;Roberta Masson Montes;Ala 5;Ala 5;30;False;B. Braun;Bomba de infusão B. Braun (Space/Spaceplus);Lista manuscrita 2025 – pág. 17;;;False
2025;2025-06-30;30/06-04/07/2025;21128054;Amanda C. de Andrade;Ala 5;Ala 5;30;False;B. Braun;Bomba de infusão B. Braun (Space/Spaceplus);Lista manuscrita 2025 – pág. 17;;;False
2025;2025-06-30;30/06-04/07/2025;21127696;Joyce Cristina de B. Andrade;Ala 5;Ala 5;30;False;B. Braun;Bomba de infusão B. Braun (Space/Spaceplus);Lista manuscrita 2025 – pág. 17;;;False
2025;2025-06-30;30/06-04/07/2025;21128861;João Vitor Matos;UTI Neonatal / Infantil;UTIN;30;False;B. Braun;Bomba de infusão B. Braun (Space/Spaceplus);Lista manuscrita 2025 – pág. 17;;;False
2025;2025-06-30;30/06-04/07/2025;21128684;Maria Rafaela do C. Abreu;Ala 5;Ala 5;30;False;B. Braun;Bomba de infusão B. Braun (Space/Spaceplus);Lista manuscrita 2025 – pág. 17;;;False
2025;2025-06-30;30/06-04/07/2025;21127684;Jean Vitor Bertoli;UTI Neonatal / Infantil;UTI Neo;30;False;B. Braun;Bomba de infusão B. Braun (Space/Spaceplus);Lista manuscrita 2025 – pág. 18;;;False
2025;2025-06-30;30/06-04/07/2025;21127344;Tatiane Ap. Miguel;Maternidade;Maternidade;30;False;B. Braun;Bomba de infusão B. Braun (Space/Spaceplus);Lista manuscrita 2025 – pág. 18;;;False
2025;2025-06-30;30/06-04/07/2025;21128764;Roberta Ap. Oliveira;Ala 5;Ala 5;30;False;B. Braun;Bomba de infusão B. Braun (Space/Spaceplus);Lista manuscrita 2025 – pág. 18;;;False
2025;2025-06-30;30/06-04/07/2025;21126365;Isabel R. Santos;Ala 5;Ala 5;30;False;B. Braun;Bomba de infusão B. Braun (Space/Spaceplus);Lista manuscrita 2025 – pág. 18;;;False
2025;2025-06-30;30/06-04/07/2025;21127522;Amanda de Souza Camilo;Ala 1 – Clínica Médica;Ala Clínica;30;False;B. Braun;Bomba de infusão B. Braun (Space/Spaceplus);Lista manuscrita 2025 – pág. 18;;;False
2025;2025-06-30;30/06-04/07/2025;21128716;Ana Clara da Silva;Ala 1 – Clínica Médica;Ala Clínica;30;False;B. Braun;Bomba de infusão B. Braun (Space/Spaceplus);Lista manuscrita 2025 – pág. 18;;;False
2025;2025-06-30;30/06-04/07/2025;21127645;Renata Daniela Ribeiro;Maternidade;Maternidade;30;False;B. Braun;Bomba de infusão B. Braun (Space/Spaceplus);Lista manuscrita 2025 – pág. 18;;;False
2025;2025-06-30;30/06-04/07/2025;21122696;Luciana Ap. F. Borges;Maternidade;Maternidade;30;False;B. Braun;Bomba de infusão B. Braun (Space/Spaceplus);Lista manuscrita 2025 – pág. 18;;;False
2025;2025-06-30;30/06-04/07/2025;21000875;Ana Maria Lopes;Maternidade;Maternidade;30;False;B. Braun;Bomba de infusão B. Braun (Space/Spaceplus);Lista manuscrita 2025 – pág. 18;;;False
2025;2025-06-30;30/06-04/07/2025;21008096;Adriana F. Oliveira;Ala 5;Ala 5;30;False;B. Braun;Bomba de infusão B. Braun (Space/Spaceplus);Lista manuscrita 2025 – pág. 18;;;False
2025;2025-06-30;30/06-04/07/2025;;Márcia Ap. de Souza;CME;CME;30;False;B. Braun;Bomba de infusão B. Braun (Space/Spaceplus);Lista manuscrita 2025 – pág. 18;;;False
2025;2025-06-30;30/06-04/07/2025;21126860;Kenia Maria T. Moreira;Centro Cirúrgico;C.C;30;False;B. Braun;Bomba de infusão B. Braun (Space/Spaceplus);Lista manuscrita 2025 – pág. 18;;;False
2025;2025-06-30;30/06-04/07/2025;21126881;Neusa B. O. Ferreira;CME;CME;30;False;B. Braun;Bomba de infusão B. Braun (Space/Spaceplus);Lista manuscrita 2025 – pág. 18;;;False
2025;2025-06-30;30/06-04/07/2025;21128233;Tânia M. Silva;CME;CME;30;False;B. Braun;Bomba de infusão B. Braun (Space/Spaceplus);Lista manuscrita 2025 – pág. 18;;;False
2025;2025-06-30;30/06-04/07/2025;;Lucimeire S. Silva;CME;CME;30;False;B. Braun;Bomba de infusão B. Braun (Space/Spaceplus);Lista manuscrita 2025 – pág. 18;;;False
2025;2025-06-30;30/06-04/07/2025;21127319;Ana Paula O. Carvalho;Ala 1 – Clínica Médica;Ala Clínica;30;False;B. Braun;Bomba de infusão B. Braun (Space/Spaceplus);Lista manuscrita 2025 – pág. 18;;;False
2025;2025-06-30;30/06-04/07/2025;21127914;Izabela Alves Bastos da Silva;Ala 2;Ala 2;30;False;B. Braun;Bomba de infusão B. Braun (Space/Spaceplus);Lista manuscrita 2025 – pág. 18;;;False
2025;2025-06-30;30/06-04/07/2025;21128422;Joice dos Reis Rodrigues;Ala 1 – Clínica Médica;Clínica Ala 1;30;False;B. Braun;Bomba de infusão B. Braun (Space/Spaceplus);Lista manuscrita 2025 – pág. 18;;;False
2025;2025-06-30;30/06-04/07/2025;21128421;Gleice Ap. Gomes;Ala 1 – Clínica Médica;Clínica Ala I;30;False;B. Braun;Bomba de infusão B. Braun (Space/Spaceplus);Lista manuscrita 2025 – pág. 18;;;False
2025;2025-06-30;30/06-04/07/2025;21128545;Fabiana Gonçalves Costa;Hemodinâmica;Hemodinâmica;30;False;B. Braun;Bomba de infusão B. Braun (Space/Spaceplus);Lista manuscrita 2025 – pág. 19;;;False
2025;2025-06-30;30/06-04/07/2025;21128491;Elaine Apchares;Maternidade;Maternidade;30;False;B. Braun;Bomba de infusão B. Braun (Space/Spaceplus);Lista manuscrita 2025 – pág. 19;;;False
2025;2025-06-30;30/06-04/07/2025;21125676;Kenia Rodrigues Martins;Maternidade;Maternidade;30;False;B. Braun;Bomba de infusão B. Braun (Space/Spaceplus);Lista manuscrita 2025 – pág. 19;;;False
2025;2025-06-30;30/06-04/07/2025;21128303;Isabela Cristina Ferreira;Ala 3;Ala 3;30;False;B. Braun;Bomba de infusão B. Braun (Space/Spaceplus);Lista manuscrita 2025 – pág. 19;;;False
2025;2025-06-30;30/06-04/07/2025;21127474;Marilene F. O. Pandolfi;Ala 3;Ala 3;30;False;B. Braun;Bomba de infusão B. Braun (Space/Spaceplus);Lista manuscrita 2025 – pág. 19;;;False
2025;2025-06-30;30/06-04/07/2025;21127277;Edimara Ap. Meneses;Ala 3;Ala 3;30;False;B. Braun;Bomba de infusão B. Braun (Space/Spaceplus);Lista manuscrita 2025 – pág. 19;;;False
2025;2025-06-30;30/06-04/07/2025;21127227;Nadir Justo dos Santos;Ala 3;Ala 3;30;False;B. Braun;Bomba de infusão B. Braun (Space/Spaceplus);Lista manuscrita 2025 – pág. 19;;;False
2025;2025-06-30;30/06-04/07/2025;21128401;Renato Henrique de Oliveira;Ala 3;Ala 3;30;False;B. Braun;Bomba de infusão B. Braun (Space/Spaceplus);Lista manuscrita 2025 – pág. 19;;;False
2025;2025-06-30;30/06-04/07/2025;21128425;Rafael dos Santos;Ala 5;Ala 5;30;False;B. Braun;Bomba de infusão B. Braun (Space/Spaceplus);Lista manuscrita 2025 – pág. 19;;;False
2025;2025-06-30;30/06-04/07/2025;21128011;Cirlei Ap. de S. Campos;Ala 5;Ala 5;30;False;B. Braun;Bomba de infusão B. Braun (Space/Spaceplus);Lista manuscrita 2025 – pág. 19;;;False
2025;2025-06-30;30/06-04/07/2025;21126376;Fernanda C. Silva;Ala 5;Ala 5;30;False;B. Braun;Bomba de infusão B. Braun (Space/Spaceplus);Lista manuscrita 2025 – pág. 19;;;False
2025;2025-06-30;30/06-04/07/2025;21128830;Dayane Ribeiro Ferreira;Pediatria;Pediatria;30;False;B. Braun;Bomba de infusão B. Braun (Space/Spaceplus);Lista manuscrita 2025 – pág. 19;;;False
2025;2025-06-30;30/06-04/07/2025;;Daiane Pereira Ferreira;Não informado;Não informado;30;False;B. Braun;Bomba de infusão B. Braun (Space/Spaceplus);Lista manuscrita 2025 – pág. 19;;;False
2025;2025-06-30;30/06-04/07/2025;21128525;Simone Barbosa;Pediatria;Pediatria;30;False;B. Braun;Bomba de infusão B. Braun (Space/Spaceplus);Lista manuscrita 2025 – pág. 19;;;False
2025;2025-06-30;30/06-04/07/2025;21127183;Fátima Ap. Oliveira Pereira;Ala 3;Unidade 3;30;False;B. Braun;Bomba de infusão B. Braun (Space/Spaceplus);Lista manuscrita 2025 – pág. 19;;;False
2025;2025-06-30;30/06-04/07/2025;21128001;Ágata E. S. Ferreira;Quimioterapia;Quimio;30;False;B. Braun;Bomba de infusão B. Braun (Space/Spaceplus);Lista manuscrita 2025 – pág. 19;;;False
2025;2025-06-30;30/06-04/07/2025;21126236;Edimara Ap. Souza;UTI Neonatal / Infantil;UTI Neo;30;False;B. Braun;Bomba de infusão B. Braun (Space/Spaceplus);Lista manuscrita 2025 – pág. 19;;;False
2025;2025-06-30;30/06-04/07/2025;21128591;Camila Silva;UTI Neonatal / Infantil;UTI Neo;30;False;B. Braun;Bomba de infusão B. Braun (Space/Spaceplus);Lista manuscrita 2025 – pág. 19;;;False
2025;2025-06-30;30/06-04/07/2025;21128792;Gabriel Rita Nogueira;Ala 1 – Clínica Médica;Clínica I;30;False;B. Braun;Bomba de infusão B. Braun (Space/Spaceplus);Lista manuscrita 2025 – pág. 19;;;False
2025;2025-06-30;30/06-04/07/2025;21127464;Débora D. Antunes;UTI Adulto 1;UTI-A;30;False;B. Braun;Bomba de infusão B. Braun (Space/Spaceplus);Lista manuscrita 2025 – pág. 20;;;False
2025;2025-06-30;30/06-04/07/2025;21128854;Heloísa Cortez;UTI Adulto 1;UTI A;30;False;B. Braun;Bomba de infusão B. Braun (Space/Spaceplus);Lista manuscrita 2025 – pág. 20;;;False
2025;2025-06-30;30/06-04/07/2025;21128886;Giselly Bri Pereira;UTI Adulto 1;UTI A;30;False;B. Braun;Bomba de infusão B. Braun (Space/Spaceplus);Lista manuscrita 2025 – pág. 20;;;False
2025;2025-06-30;30/06-04/07/2025;21128446;Karina T. Lima;UTI Adulto 1;UTI A;30;False;B. Braun;Bomba de infusão B. Braun (Space/Spaceplus);Lista manuscrita 2025 – pág. 20;;;False
2025;2025-06-30;30/06-04/07/2025;21128029;Silvana Carvalho;UTI Adulto 1;UTI A;30;False;B. Braun;Bomba de infusão B. Braun (Space/Spaceplus);Lista manuscrita 2025 – pág. 20;;;False
2025;2025-06-30;30/06-04/07/2025;21128813;Flávia Barbosa de Azevedo;Quimioterapia;Quimioterapia;30;False;B. Braun;Bomba de infusão B. Braun (Space/Spaceplus);Lista manuscrita 2025 – pág. 20;;;False
2025;2025-06-30;30/06-04/07/2025;20128290;Sayno Grillo;Quimioterapia;Quimioterapia;30;False;B. Braun;Bomba de infusão B. Braun (Space/Spaceplus);Lista manuscrita 2025 – pág. 20;;;False
2025;2025-06-30;30/06-04/07/2025;21128610;M. Eduarda Bastianini;Centro Cirúrgico;C.C;30;False;B. Braun;Bomba de infusão B. Braun (Space/Spaceplus);Lista manuscrita 2025 – pág. 20;;;False
2025;2025-06-30;30/06-04/07/2025;21128744;Lucas Peixoto;Centro Cirúrgico;CC;30;False;B. Braun;Bomba de infusão B. Braun (Space/Spaceplus);Lista manuscrita 2025 – pág. 20;;;False
2025;2025-06-30;30/06-04/07/2025;21128844;Kenia Ap. F. de Paula;Centro Cirúrgico;C.C;30;False;B. Braun;Bomba de infusão B. Braun (Space/Spaceplus);Lista manuscrita 2025 – pág. 20;;;False
2025;2025-06-30;30/06-04/07/2025;21127458;Bruna R. Marçal;Centro Cirúrgico;C.C;30;False;B. Braun;Bomba de infusão B. Braun (Space/Spaceplus);Lista manuscrita 2025 – pág. 20;;;False
2025;2025-06-30;30/06-04/07/2025;21128180;Taís Fernanda Bonatti;Centro Cirúrgico;C.C;30;False;B. Braun;Bomba de infusão B. Braun (Space/Spaceplus);Lista manuscrita 2025 – pág. 20;;;False
2025;2025-06-30;30/06-04/07/2025;21128687;Maria Júlia Andrade;Centro Cirúrgico;C.C;30;False;B. Braun;Bomba de infusão B. Braun (Space/Spaceplus);Lista manuscrita 2025 – pág. 20;;;False
2025;2025-06-30;30/06-04/07/2025;21128632;João Cesar Teixeira;Unidade de Emergência;U.E;30;False;B. Braun;Bomba de infusão B. Braun (Space/Spaceplus);Lista manuscrita 2025 – pág. 20;;;False
2025;2025-06-30;30/06-04/07/2025;21128741;Janailson Ferreira Silva;Unidade de Emergência;U.E;30;False;B. Braun;Bomba de infusão B. Braun (Space/Spaceplus);Lista manuscrita 2025 – pág. 20;;;False
2025;2025-06-30;30/06-04/07/2025;30001026;Brena Policarpo;Unidade de Emergência;UE;30;False;B. Braun;Bomba de infusão B. Braun (Space/Spaceplus);Lista manuscrita 2025 – pág. 20;;;False
2025;2025-06-30;30/06-04/07/2025;21127547;Stella Bilinky;Unidade de Emergência;UE;30;False;B. Braun;Bomba de infusão B. Braun (Space/Spaceplus);Lista manuscrita 2025 – pág. 20;;;False
2025;2025-06-30;30/06-04/07/2025;32001055;Camila J. Teixeira;Unidade de Emergência;UE;30;False;B. Braun;Bomba de infusão B. Braun (Space/Spaceplus);Lista manuscrita 2025 – pág. 20;;;False
2025;2025-06-30;30/06-04/07/2025;21126555;Mauro F. Aguiar;Unidade de Emergência;UE;30;False;B. Braun;Bomba de infusão B. Braun (Space/Spaceplus);Lista manuscrita 2025 – pág. 20;;;False
2025;2025-06-30;30/06-04/07/2025;21127291;Fayne C. Santos;Unidade de Emergência;UE;30;False;B. Braun;Bomba de infusão B. Braun (Space/Spaceplus);Lista manuscrita 2025 – pág. 20;;;False
2025;2025-06-30;30/06-04/07/2025;21127804;Juliete P. Lobo;Unidade de Emergência;U.E;30;False;B. Braun;Bomba de infusão B. Braun (Space/Spaceplus);Lista manuscrita 2025 – pág. 21;;;False
2025;2025-06-30;30/06-04/07/2025;21127113;Márcio de Freitas Baldi Couto;Unidade de Emergência;UE;30;False;B. Braun;Bomba de infusão B. Braun (Space/Spaceplus);Lista manuscrita 2025 – pág. 21;;;False
2025;2025-06-30;30/06-04/07/2025;21128320;Dayene Elias Cubeiro;Unidade de Emergência;UE;30;False;B. Braun;Bomba de infusão B. Braun (Space/Spaceplus);Lista manuscrita 2025 – pág. 21;;;False
2025;2025-06-30;30/06-04/07/2025;21127800;Patrícia Santos Fernandes;Unidade de Emergência;UE;30;False;B. Braun;Bomba de infusão B. Braun (Space/Spaceplus);Lista manuscrita 2025 – pág. 21;;;False
2025;2025-06-30;30/06-04/07/2025;21128817;(ilegível) UE;Unidade de Emergência;UE;30;False;B. Braun;Bomba de infusão B. Braun (Space/Spaceplus);Lista manuscrita 2025 – pág. 21;;;True
2025;2025-06-30;30/06-04/07/2025;21127340;Adriani L. Cândido;Unidade de Emergência;UE;30;False;B. Braun;Bomba de infusão B. Braun (Space/Spaceplus);Lista manuscrita 2025 – pág. 21;;;False
2025;2025-06-30;30/06-04/07/2025;21127427;Marcel A. Santos;Unidade de Emergência;UE;30;False;B. Braun;Bomba de infusão B. Braun (Space/Spaceplus);Lista manuscrita 2025 – pág. 21;;;False
2025;2025-06-30;30/06-04/07/2025;21127085;Ivani Assis Carvalho;Unidade de Emergência;UE;30;False;B. Braun;Bomba de infusão B. Braun (Space/Spaceplus);Lista manuscrita 2025 – pág. 21;;;False
2025;2025-06-30;30/06-04/07/2025;21128466;Willyan Fernando Meleti;Unidade de Emergência;UE;30;False;B. Braun;Bomba de infusão B. Braun (Space/Spaceplus);Lista manuscrita 2025 – pág. 21;;;False
2025;2025-06-30;30/06-04/07/2025;21128142;Hydemara Campos Costa;Unidade de Emergência;UE;30;False;B. Braun;Bomba de infusão B. Braun (Space/Spaceplus);Lista manuscrita 2025 – pág. 21;;;False
2025;2025-06-30;30/06-04/07/2025;21127235;Juliano Carvalho;Unidade de Emergência;UE;30;False;B. Braun;Bomba de infusão B. Braun (Space/Spaceplus);Lista manuscrita 2025 – pág. 21;;;False
2025;2025-06-30;30/06-04/07/2025;21127070;Hélio Moro Motta;Unidade de Emergência;UE;30;False;B. Braun;Bomba de infusão B. Braun (Space/Spaceplus);Lista manuscrita 2025 – pág. 21;;;False
2025;2025-06-30;30/06-04/07/2025;21128211;Camila Cristina de O. S.;Unidade de Emergência;UE;30;False;B. Braun;Bomba de infusão B. Braun (Space/Spaceplus);Lista manuscrita 2025 – pág. 21;;;False
2025;2025-06-30;30/06-04/07/2025;21127975;Fernando de Castro;Unidade de Emergência;UE;30;False;B. Braun;Bomba de infusão B. Braun (Space/Spaceplus);Lista manuscrita 2025 – pág. 21;;;False
2025;2025-06-30;30/06-04/07/2025;21128622;Carlos Alfredo Câmara;Unidade de Emergência;UE;30;False;B. Braun;Bomba de infusão B. Braun (Space/Spaceplus);Lista manuscrita 2025 – pág. 21;;;False
2025;2025-06-30;30/06-04/07/2025;21128148;Ana Carolina S. R. Peres;Centro Cirúrgico;C.C;30;False;B. Braun;Bomba de infusão B. Braun (Space/Spaceplus);Lista manuscrita 2025 – pág. 21;;;False
2025;2025-06-30;30/06-04/07/2025;21125482;Lucinéia Fátima Amaral;Centro Cirúrgico;C.C;30;False;B. Braun;Bomba de infusão B. Braun (Space/Spaceplus);Lista manuscrita 2025 – pág. 21;;;False
2025;2025-06-30;30/06-04/07/2025;21125261;José Junior;Centro Cirúrgico;C.C;30;False;B. Braun;Bomba de infusão B. Braun (Space/Spaceplus);Lista manuscrita 2025 – pág. 21;;;False
2025;2025-06-30;30/06-04/07/2025;21128369;Paula F. Guiraldelli;Centro Cirúrgico;C.C;30;False;B. Braun;Bomba de infusão B. Braun (Space/Spaceplus);Lista manuscrita 2025 – pág. 21;;;False
2025;2025-06-30;30/06-04/07/2025;21128802;Bárbara C. Rodante;Centro Cirúrgico;CC;30;False;B. Braun;Bomba de infusão B. Braun (Space/Spaceplus);Lista manuscrita 2025 – pág. 21;;;False
2025;2025-06-30;30/06-04/07/2025;21128571;Joice M. Buscatto;Ala 2;Ala 2;30;False;B. Braun;Bomba de infusão B. Braun (Space/Spaceplus);Lista manuscrita 2025 – pág. 21;;;False
2025;2025-06-30;30/06-04/07/2025;21128003;Amanda S. Miranda;Ala 2;Ala 2;30;False;B. Braun;Bomba de infusão B. Braun (Space/Spaceplus);Lista manuscrita 2025 – pág. 21;;;False
2025;2025-06-30;30/06-04/07/2025;21128278;Alexandre;Ala 2;Ala 2;30;False;B. Braun;Bomba de infusão B. Braun (Space/Spaceplus);Lista manuscrita 2025 – pág. 21;;;False
2025;2025-06-30;30/06-04/07/2025;21128559;Ana Paula Mendes Gomes;UTI Adulto 2;UTI 2;30;False;B. Braun;Bomba de infusão B. Braun (Space/Spaceplus);Lista manuscrita 2025 – pág. 22;;;False
2025;2025-06-30;30/06-04/07/2025;21008758;Adriana Faleiros;UTI Adulto 2;UTI-2;30;False;B. Braun;Bomba de infusão B. Braun (Space/Spaceplus);Lista manuscrita 2025 – pág. 22;;;False
2025;2025-06-30;30/06-04/07/2025;21128306;Nilceia G. A. Jardini;UTI Adulto 2;UTI 2;30;False;B. Braun;Bomba de infusão B. Braun (Space/Spaceplus);Lista manuscrita 2025 – pág. 22;;;False
2025;2025-06-30;30/06-04/07/2025;21127785;Gabriel H. C. Brinoti;Centro Cirúrgico Ambulatorial;CCA;30;False;B. Braun;Bomba de infusão B. Braun (Space/Spaceplus);Lista manuscrita 2025 – pág. 22;;;False
2025;2025-06-30;30/06-04/07/2025;21127832;Michellem R. S. Ferreira;Centro Cirúrgico Ambulatorial;CCA;30;False;B. Braun;Bomba de infusão B. Braun (Space/Spaceplus);Lista manuscrita 2025 – pág. 22;;;False
2025;2025-06-30;30/06-04/07/2025;21127429;Noeli Cristina de Oliveira;UTI Neonatal / Infantil;UTI Neo;30;False;B. Braun;Bomba de infusão B. Braun (Space/Spaceplus);Lista manuscrita 2025 – pág. 22;;;False
2025;2025-06-30;30/06-04/07/2025;21128333;Ana Laura R. Lopes;UTI Neonatal / Infantil;UTI Neo;30;False;B. Braun;Bomba de infusão B. Braun (Space/Spaceplus);Lista manuscrita 2025 – pág. 22;;;False
2025;2025-06-30;30/06-04/07/2025;21125113;Érica H. Paixão Nascimento;Centro Cirúrgico Ambulatorial;CCA;30;False;B. Braun;Bomba de infusão B. Braun (Space/Spaceplus);Lista manuscrita 2025 – pág. 22;;;False
2025;2025-06-30;30/06-04/07/2025;21128566;Letícia C. de Almeida Souza;Centro Cirúrgico Ambulatorial;CCA;30;False;B. Braun;Bomba de infusão B. Braun (Space/Spaceplus);Lista manuscrita 2025 – pág. 22;;;False
2025;2025-06-30;30/06-04/07/2025;21128257;Vitória Cainã Ferreira A.;Centro Cirúrgico Ambulatorial;CCA;30;False;B. Braun;Bomba de infusão B. Braun (Space/Spaceplus);Lista manuscrita 2025 – pág. 22;;;False
2025;2025-06-30;30/06-04/07/2025;21127743;Vanessa Cristina Rosa;Centro Cirúrgico Ambulatorial;CCA;30;False;B. Braun;Bomba de infusão B. Braun (Space/Spaceplus);Lista manuscrita 2025 – pág. 22;;;False
2025;2025-06-30;30/06-04/07/2025;21127662;Luciana Morales;Centro Cirúrgico Ambulatorial;CCA;30;False;B. Braun;Bomba de infusão B. Braun (Space/Spaceplus);Lista manuscrita 2025 – pág. 22;;;False
2025;2025-06-30;30/06-04/07/2025;21128444;Ivi Aurélio S. Trevisan;Ala 5;Ala 5;30;False;B. Braun;Bomba de infusão B. Braun (Space/Spaceplus);Lista manuscrita 2025 – pág. 22;;;False
2025;2025-06-30;30/06-04/07/2025;21128328;Larissa C. R. Gouveia;UTI Adulto 1;UTI 1;30;False;B. Braun;Bomba de infusão B. Braun (Space/Spaceplus);Lista manuscrita 2025 – pág. 22;;;False
2025;2025-06-30;30/06-04/07/2025;21127324;Maria Teresa A. S. Reis;Ala 3;Unidade 3;30;False;B. Braun;Bomba de infusão B. Braun (Space/Spaceplus);Lista manuscrita 2025 – pág. 22;;;False
2025;2025-06-30;30/06-04/07/2025;21128240;Flaviana Cristina Rocha;UTI Adulto 1;UTI 1;30;False;B. Braun;Bomba de infusão B. Braun (Space/Spaceplus);Lista manuscrita 2025 – pág. 22;;;False
2025;2025-06-30;30/06-04/07/2025;21128538;Gabriele da S. Barcelos;Ala 5;Ala 5;30;False;B. Braun;Bomba de infusão B. Braun (Space/Spaceplus);Lista manuscrita 2025 – pág. 22;;;False
2025;2025-06-30;30/06-04/07/2025;21126576;Liliane Ferreira;Maternidade;Maternidade;30;False;B. Braun;Bomba de infusão B. Braun (Space/Spaceplus);Lista manuscrita 2025 – pág. 22;;;False
2025;2025-06-30;30/06-04/07/2025;21127003;Tatiane de Moura;Maternidade;Maternidade;30;False;B. Braun;Bomba de infusão B. Braun (Space/Spaceplus);Lista manuscrita 2025 – pág. 22;;;False
2025;2025-06-30;30/06-04/07/2025;21127876;Amanda dos Santos Silva;Maternidade;Maternidade;30;False;B. Braun;Bomba de infusão B. Braun (Space/Spaceplus);Lista manuscrita 2025 – pág. 22;;;False
2025;2025-06-30;30/06-04/07/2025;;Ediane Ap. Oliveira;Maternidade;Maternidade;30;False;B. Braun;Bomba de infusão B. Braun (Space/Spaceplus);Lista manuscrita 2025 – pág. 23;;;False
2025;2025-06-30;30/06-04/07/2025;21127708;Brenda Maria de Sousa;Maternidade;Maternidade;30;False;B. Braun;Bomba de infusão B. Braun (Space/Spaceplus);Lista manuscrita 2025 – pág. 23;;;False
2025;2025-06-30;30/06-04/07/2025;21126855;Taynah Lopes Silva;Maternidade;Maternidade;30;False;B. Braun;Bomba de infusão B. Braun (Space/Spaceplus);Lista manuscrita 2025 – pág. 23;;;False
2025;2025-06-30;30/06-04/07/2025;21128016;(ilegível) UE;Unidade de Emergência;UE;30;False;B. Braun;Bomba de infusão B. Braun (Space/Spaceplus);Lista manuscrita 2025 – pág. 23;;;True
2025;2025-06-30;30/06-04/07/2025;21127624;Rodrigo C. Nunes;Unidade de Emergência;UE;30;False;B. Braun;Bomba de infusão B. Braun (Space/Spaceplus);Lista manuscrita 2025 – pág. 23;;;False
2025;2025-06-30;30/06-04/07/2025;21126811;Walter Lourdo;Unidade de Emergência;UE;30;False;B. Braun;Bomba de infusão B. Braun (Space/Spaceplus);Lista manuscrita 2025 – pág. 23;;;False
2025;2025-06-30;30/06-04/07/2025;21126686;Roberta Cristina de Jesus;Unidade de Emergência;UE;30;False;B. Braun;Bomba de infusão B. Braun (Space/Spaceplus);Lista manuscrita 2025 – pág. 23;;;False
2025;2025-06-30;30/06-04/07/2025;21127733;Otávio Augusto S. Bizzi;Unidade de Emergência;UE;30;False;B. Braun;Bomba de infusão B. Braun (Space/Spaceplus);Lista manuscrita 2025 – pág. 23;;;False
2025;2025-06-30;30/06-04/07/2025;21127493;Daniel André;Unidade de Emergência;UE;30;False;B. Braun;Bomba de infusão B. Braun (Space/Spaceplus);Lista manuscrita 2025 – pág. 23;;;False
2025;2025-06-30;30/06-04/07/2025;21127644;Rayara A. Oliveira;Unidade de Emergência;UE;30;False;B. Braun;Bomba de infusão B. Braun (Space/Spaceplus);Lista manuscrita 2025 – pág. 23;;;False
2025;2025-06-30;30/06-04/07/2025;21127550;Luciano P. de Sá;Unidade de Emergência;UE;30;False;B. Braun;Bomba de infusão B. Braun (Space/Spaceplus);Lista manuscrita 2025 – pág. 23;;;False
2025;2025-06-30;30/06-04/07/2025;21128715;Jaquelini Dias;Unidade de Emergência;UE;30;False;B. Braun;Bomba de infusão B. Braun (Space/Spaceplus);Lista manuscrita 2025 – pág. 23;;;False
2025;2025-06-30;30/06-04/07/2025;21128776;Jhon Adan S. Batista;Unidade de Emergência;UE;30;False;B. Braun;Bomba de infusão B. Braun (Space/Spaceplus);Lista manuscrita 2025 – pág. 23;;;False
2025;2025-06-30;30/06-04/07/2025;21128141;Aline Alma Ferreira;Unidade de Emergência;UE;30;False;B. Braun;Bomba de infusão B. Braun (Space/Spaceplus);Lista manuscrita 2025 – pág. 23;;;False
2025;2025-06-30;30/06-04/07/2025;21127856;Alana R. Fernandes Silva;Unidade de Emergência;UE;30;False;B. Braun;Bomba de infusão B. Braun (Space/Spaceplus);Lista manuscrita 2025 – pág. 23;;;False
2025;2025-06-30;30/06-04/07/2025;21127973;Karina Elisa;Unidade de Emergência;UE;30;False;B. Braun;Bomba de infusão B. Braun (Space/Spaceplus);Lista manuscrita 2025 – pág. 23;;;False
2025;2025-06-30;30/06-04/07/2025;21127375;Thiago Júlio da Silva;Unidade de Emergência;U.E;30;False;B. Braun;Bomba de infusão B. Braun (Space/Spaceplus);Lista manuscrita 2025 – pág. 23;;;False
2025;2025-06-30;30/06-04/07/2025;21128588;Patrício (ilegível);Unidade de Emergência;UE;30;False;B. Braun;Bomba de infusão B. Braun (Space/Spaceplus);Lista manuscrita 2025 – pág. 23;;;True
2025;2025-06-30;30/06-04/07/2025;21128523;Thais Brandão;Unidade de Emergência;U.E;30;False;B. Braun;Bomba de infusão B. Braun (Space/Spaceplus);Lista manuscrita 2025 – pág. 23;;;False
2025;2025-06-30;30/06-04/07/2025;;Andrea Borges;Unidade de Emergência;U.E;30;False;B. Braun;Bomba de infusão B. Braun (Space/Spaceplus);Lista manuscrita 2025 – pág. 23;;;False
2025;2025-06-30;30/06-04/07/2025;21128825;Luan Funchal de Souza;Unidade de Emergência;U.E;30;False;B. Braun;Bomba de infusão B. Braun (Space/Spaceplus);Lista manuscrita 2025 – pág. 23;;;False
2025;2025-06-30;30/06-04/07/2025;21127011;William César Souza;Unidade de Emergência;UE;30;False;B. Braun;Bomba de infusão B. Braun (Space/Spaceplus);Lista manuscrita 2025 – pág. 24;;;False
2025;2025-06-30;30/06-04/07/2025;21124699;Rodrigo Costa;Unidade de Emergência;UE;30;False;B. Braun;Bomba de infusão B. Braun (Space/Spaceplus);Lista manuscrita 2025 – pág. 24;;;False
2025;2025-06-30;30/06-04/07/2025;21128522;Francieli M. Lopes;Unidade de Emergência;U.E;30;False;B. Braun;Bomba de infusão B. Braun (Space/Spaceplus);Lista manuscrita 2025 – pág. 24;;;False
2025;2025-06-30;30/06-04/07/2025;21127032;(ilegível) CC;Centro Cirúrgico;C.C;30;False;B. Braun;Bomba de infusão B. Braun (Space/Spaceplus);Lista manuscrita 2025 – pág. 24;;;True
2025;2025-06-30;30/06-04/07/2025;21127445;Ana Claudia Silva;Centro Cirúrgico;CC;30;False;B. Braun;Bomba de infusão B. Braun (Space/Spaceplus);Lista manuscrita 2025 – pág. 24;;;False
2025;2025-06-30;30/06-04/07/2025;21127780;Luna Rita da Silva Paula;Centro Cirúrgico;C.C;30;False;B. Braun;Bomba de infusão B. Braun (Space/Spaceplus);Lista manuscrita 2025 – pág. 24;;;False
2025;2025-06-30;30/06-04/07/2025;21128400;Kiarani A. R. Chagas;Centro Cirúrgico;CC;30;False;B. Braun;Bomba de infusão B. Braun (Space/Spaceplus);Lista manuscrita 2025 – pág. 24;;;False
2025;2025-06-30;30/06-04/07/2025;21128866;Liliene de Almeida R.;Centro Cirúrgico;C.C;30;False;B. Braun;Bomba de infusão B. Braun (Space/Spaceplus);Lista manuscrita 2025 – pág. 24;;;False
2025;2025-06-30;30/06-04/07/2025;21126270;Lúcio Antonio F. Rezende;Centro Cirúrgico;C.C;30;False;B. Braun;Bomba de infusão B. Braun (Space/Spaceplus);Lista manuscrita 2025 – pág. 24;;;False
2025;2025-06-30;30/06-04/07/2025;21127982;Muriel Cibele;Centro Cirúrgico;CC;30;False;B. Braun;Bomba de infusão B. Braun (Space/Spaceplus);Lista manuscrita 2025 – pág. 24;;;False
2025;2025-06-30;30/06-04/07/2025;21127341;Carla S. S. Colombari;Centro Cirúrgico;CC;30;False;B. Braun;Bomba de infusão B. Braun (Space/Spaceplus);Lista manuscrita 2025 – pág. 24;;;False
2025;2025-06-30;30/06-04/07/2025;21128030;Taísa Ap. Nogueira;Centro Cirúrgico;CC;30;False;B. Braun;Bomba de infusão B. Braun (Space/Spaceplus);Lista manuscrita 2025 – pág. 24;;;False
2025;2025-06-30;30/06-04/07/2025;21128007;Anne Caroline Ribeiro;Centro Cirúrgico;CC;30;False;B. Braun;Bomba de infusão B. Braun (Space/Spaceplus);Lista manuscrita 2025 – pág. 24;;;False
2025;2025-06-30;30/06-04/07/2025;21128456;Emily Neves Souza Guedes;Centro Cirúrgico;CC;30;False;B. Braun;Bomba de infusão B. Braun (Space/Spaceplus);Lista manuscrita 2025 – pág. 24;;;False
2025;2025-06-30;30/06-04/07/2025;21124761;Angélica P. Oliveira;Centro Cirúrgico;CC;30;False;B. Braun;Bomba de infusão B. Braun (Space/Spaceplus);Lista manuscrita 2025 – pág. 24;;;False
2025;2025-06-30;30/06-04/07/2025;21127977;Ana Paula Teixeira Ribeiro;Centro Cirúrgico;CC;30;False;B. Braun;Bomba de infusão B. Braun (Space/Spaceplus);Lista manuscrita 2025 – pág. 24;;;False
2025;2025-06-30;30/06-04/07/2025;21128442;Isabela Luper;Centro Cirúrgico;CC;30;False;B. Braun;Bomba de infusão B. Braun (Space/Spaceplus);Lista manuscrita 2025 – pág. 24;;;False
2025;2025-06-30;30/06-04/07/2025;21125013;Lindsey C. do Brio;Centro Cirúrgico;CC;30;False;B. Braun;Bomba de infusão B. Braun (Space/Spaceplus);Lista manuscrita 2025 – pág. 24;;;False
2025;2025-06-30;30/06-04/07/2025;21127109;Hilda R. M. Santos;Centro Cirúrgico;CC;30;False;B. Braun;Bomba de infusão B. Braun (Space/Spaceplus);Lista manuscrita 2025 – pág. 24;;;False
2025;2025-06-30;30/06-04/07/2025;21127711;Vagner Luis Ultramari;Centro Cirúrgico;C.C;30;False;B. Braun;Bomba de infusão B. Braun (Space/Spaceplus);Lista manuscrita 2025 – pág. 24;;;False
2025;2025-06-30;30/06-04/07/2025;21128902;Silmara de Souza Rodrigues;Ala 5;Ala 5;30;False;B. Braun;Bomba de infusão B. Braun (Space/Spaceplus);Lista manuscrita 2025 – pág. 25;;;False
2025;2025-06-30;30/06-04/07/2025;21128800;Natália Pereira Luna;Tomografia;Tomografia;30;False;B. Braun;Bomba de infusão B. Braun (Space/Spaceplus);Lista manuscrita 2025 – pág. 25;;;False
2025;2025-06-30;30/06-04/07/2025;21128649;Paola Renata da Silva Alves;Tomografia;Tomografia;30;False;B. Braun;Bomba de infusão B. Braun (Space/Spaceplus);Lista manuscrita 2025 – pág. 25;;;False
2025;2025-06-30;30/06-04/07/2025;21128787;Luiz Henrique Santos;Farmácia;Farmácia;30;False;B. Braun;Bomba de infusão B. Braun (Space/Spaceplus);Lista manuscrita 2025 – pág. 25;;;False
2025;2025-06-30;30/06-04/07/2025;21127728;João Vitor Bertoli Lopes;UTI Neonatal / Infantil;UTI-NEO;30;False;B. Braun;Bomba de infusão B. Braun (Space/Spaceplus);Lista manuscrita 2025 – pág. 25;;;False
2025;2025-06-30;30/06-04/07/2025;21128018;Fernanda M. B. Faleiros;UTI Neonatal / Infantil;UTI Neo;30;False;B. Braun;Bomba de infusão B. Braun (Space/Spaceplus);Lista manuscrita 2025 – pág. 25;;;False
2025;2025-06-30;30/06-04/07/2025;21127801;Tamires de Almeida Batista;Farmácia;Farmácia;30;False;B. Braun;Bomba de infusão B. Braun (Space/Spaceplus);Lista manuscrita 2025 – pág. 25;;;False
2025;2025-06-30;30/06-04/07/2025;21127428;Maria Júlia R. Rosa;Farmácia;Farmácia;30;False;B. Braun;Bomba de infusão B. Braun (Space/Spaceplus);Lista manuscrita 2025 – pág. 25;;;False
2025;2025-06-30;30/06-04/07/2025;21128346;Breno de A. Silva;Farmácia;Farmácia;30;False;B. Braun;Bomba de infusão B. Braun (Space/Spaceplus);Lista manuscrita 2025 – pág. 25;;;False
2025;2025-06-30;30/06-04/07/2025;21128826;Milena Rita B. Faleiros Faria;Farmácia;Farmácia;30;False;B. Braun;Bomba de infusão B. Braun (Space/Spaceplus);Lista manuscrita 2025 – pág. 25;;;False
2025;2025-06-30;30/06-04/07/2025;21128050;Luara Araújo;Pediatria;Pediatria;30;False;B. Braun;Bomba de infusão B. Braun (Space/Spaceplus);Lista manuscrita 2025 – pág. 25;;;False
2025;2025-06-30;30/06-04/07/2025;21127992;Julia Cristina G. Mendes;Ala 3;Ala 3;30;False;B. Braun;Bomba de infusão B. Braun (Space/Spaceplus);Lista manuscrita 2025 – pág. 25;;;False
2025;2025-06-30;30/06-04/07/2025;32001017;Tatiane Ap. Souza Neto;CDC;CDC;30;False;B. Braun;Bomba de infusão B. Braun (Space/Spaceplus);Lista manuscrita 2025 – pág. 25;;;False
2025;2025-06-30;30/06-04/07/2025;21126700;Nayara F. O. Silva;CDI;CDI;30;False;B. Braun;Bomba de infusão B. Braun (Space/Spaceplus);Lista manuscrita 2025 – pág. 25;;;False
2025;2025-06-30;30/06-04/07/2025;21126780;Mariana F. C. R. Silva;Farmácia;Farmácia;30;False;B. Braun;Bomba de infusão B. Braun (Space/Spaceplus);Lista manuscrita 2025 – pág. 25;;;False
2025;2025-06-30;30/06-04/07/2025;21128987;Jheniffer M. da Costa;Ala 1 – Clínica Médica;Ala 1;30;False;B. Braun;Bomba de infusão B. Braun (Space/Spaceplus);Lista manuscrita 2025 – pág. 25;;;False
2025;2025-06-30;30/06-04/07/2025;21127373;Athena Lima Almeida;Maternidade;Maternidade;30;False;B. Braun;Bomba de infusão B. Braun (Space/Spaceplus);Lista manuscrita 2025 – pág. 25;;;False
2025;2025-06-30;30/06-04/07/2025;21128848;Bruna Ferreira;Ala 3;Ala 3;30;False;B. Braun;Bomba de infusão B. Braun (Space/Spaceplus);Lista manuscrita 2025 – pág. 25;;;False
2025;2025-06-30;30/06-04/07/2025;21128212;Tais Cristina de Oliveira;Tomografia;Tomografia;30;False;B. Braun;Bomba de infusão B. Braun (Space/Spaceplus);Lista manuscrita 2025 – pág. 25;;;False
2025;2025-06-30;30/06-04/07/2025;21128989;Thais Del Carlo Mine;Tomografia;Tomografia;30;False;B. Braun;Bomba de infusão B. Braun (Space/Spaceplus);Lista manuscrita 2025 – pág. 25;;;False
2025;2025-06-30;30/06-04/07/2025;21128550;Karina Ap. Oliveira Bernardes;Hemodinâmica;Hemodinâmica;30;False;B. Braun;Bomba de infusão B. Braun (Space/Spaceplus);Lista manuscrita 2025 – pág. 25;;;False
2025;2025-07-02;02/07/2025;21127647;Andrezza S. R.;Unidade de Emergência;U.E;20;False;B. Braun;Bomba de infusão B. Braun (Space/Spaceplus);Lista manuscrita 2025 – pág. 26;;;False
2025;2025-07-02;02/07/2025;21128568;Jaquany C. Alves;Unidade de Emergência;UE;20;False;B. Braun;Bomba de infusão B. Braun (Space/Spaceplus);Lista manuscrita 2025 – pág. 26;;;False
2025;2025-07-02;02/07/2025;21128521;Antônio J. C. Jr;Unidade de Emergência;U.E;20;False;B. Braun;Bomba de infusão B. Braun (Space/Spaceplus);Lista manuscrita 2025 – pág. 26;;;False
2025;2025-07-02;02/07/2025;21128820;Monique Cristina I. Rezende;Ala 1 – Clínica Médica;Clínica Médica;20;False;B. Braun;Bomba de infusão B. Braun (Space/Spaceplus);Lista manuscrita 2025 – pág. 26;;;False
2025;2025-07-02;02/07/2025;21128479;Karen Ap. dos S. Januário;UTI Neonatal / Infantil;UTI Neo;20;False;B. Braun;Bomba de infusão B. Braun (Space/Spaceplus);Lista manuscrita 2025 – pág. 26;;;False
2025;2025-07-02;02/07/2025;21126864;Juliana P. Santos;Hospital Dia;H.D;20;False;B. Braun;Bomba de infusão B. Braun (Space/Spaceplus);Lista manuscrita 2025 – pág. 26;;;False
2025;2025-07-02;02/07/2025;;Lívia Karla A. Sebastião;UTI Neonatal / Infantil;UTI Neo;20;False;B. Braun;Bomba de infusão B. Braun (Space/Spaceplus);Lista manuscrita 2025 – pág. 26;;;False
2025;2025-07-02;02/07/2025;21127293;Danielli do S. Costa;Pediatria;Pediatria;20;False;B. Braun;Bomba de infusão B. Braun (Space/Spaceplus);Lista manuscrita 2025 – pág. 26;;;False
2025;2025-07-02;02/07/2025;11207474;Bianca Diniz Kovatch;Unilar;Unilar;20;False;B. Braun;Bomba de infusão B. Braun (Space/Spaceplus);Lista manuscrita 2025 – pág. 26;;;False
2025;2025-07-02;02/07/2025;11207909;Maria Rita Vieira de Oliveira;Unilar;Unilar;20;False;B. Braun;Bomba de infusão B. Braun (Space/Spaceplus);Lista manuscrita 2025 – pág. 26;;;False
2025;2025-07-02;02/07/2025;11207007;Mônica Pereira Silva;Unilar;Unilar;20;False;B. Braun;Bomba de infusão B. Braun (Space/Spaceplus);Lista manuscrita 2025 – pág. 26;;;False
2025;2025-07-02;02/07/2025;11207934;Gabriella Aparecida da Silva;Unilar;Unilar;20;False;B. Braun;Bomba de infusão B. Braun (Space/Spaceplus);Lista manuscrita 2025 – pág. 26;;;False
2025;2025-07-02;02/07/2025;11207543;Franciele Cristina de Souza;Unilar;Unilar;20;False;B. Braun;Bomba de infusão B. Braun (Space/Spaceplus);Lista manuscrita 2025 – pág. 26;;;False
2025;2025-07-02;02/07/2025;21128532;Bruno C. da Silva;Ala 5;Unidade 5;20;False;B. Braun;Bomba de infusão B. Braun (Space/Spaceplus);Lista manuscrita 2025 – pág. 26;;;False
2025;2025-07-02;02/07/2025;11207853;Maria Eduarda C. Borges;Unilar;Unilar;20;False;B. Braun;Bomba de infusão B. Braun (Space/Spaceplus);Lista manuscrita 2025 – pág. 26;;;False
2025;2025-07-02;02/07/2025;21128558;Vanessa E. S. Santos;Centro Cirúrgico;C.C;20;False;B. Braun;Bomba de infusão B. Braun (Space/Spaceplus);Lista manuscrita 2025 – pág. 26;;;False
2025;2025-07-02;02/07/2025;21127850;Andresa Messias Miranda;Centro Cirúrgico;C.C;20;False;B. Braun;Bomba de infusão B. Braun (Space/Spaceplus);Lista manuscrita 2025 – pág. 26;;;False
2025;2025-07-02;02/07/2025;21128458;Tayani Paula Souza;Centro Cirúrgico;C.C;20;False;B. Braun;Bomba de infusão B. Braun (Space/Spaceplus);Lista manuscrita 2025 – pág. 26;;;False
2025;2025-07-02;02/07/2025;21128167;Nayara A. O. Rejani;Centro Cirúrgico;C.C;20;False;B. Braun;Bomba de infusão B. Braun (Space/Spaceplus);Lista manuscrita 2025 – pág. 26;;;False
2025;2025-07-02;02/07/2025;21128573;Gabriela Paulista;Centro Cirúrgico;C.C;20;False;B. Braun;Bomba de infusão B. Braun (Space/Spaceplus);Lista manuscrita 2025 – pág. 26;;;False
2025;2025-07-02;02/07/2025;21127576;Graciela F. O. Ribeiro;CME;CME;20;False;B. Braun;Bomba de infusão B. Braun (Space/Spaceplus);Lista manuscrita 2025 – pág. 27;;;False
2025;2025-07-02;02/07/2025;21128411;Carolina Ane Primo;CME;CME;20;False;B. Braun;Bomba de infusão B. Braun (Space/Spaceplus);Lista manuscrita 2025 – pág. 27;;;False
2025;2025-07-02;02/07/2025;21127742;Patrícia C. Lino;Centro Cirúrgico;C.C;20;False;B. Braun;Bomba de infusão B. Braun (Space/Spaceplus);Lista manuscrita 2025 – pág. 27;;;False
2025;2025-07-02;02/07/2025;21127646;Ana Claudia de Souza;Centro Cirúrgico;C.C;20;False;B. Braun;Bomba de infusão B. Braun (Space/Spaceplus);Lista manuscrita 2025 – pág. 27;;;False
2025;2025-07-02;02/07/2025;21127167;Talita de Souza Novais;Centro Cirúrgico;C.C;20;False;B. Braun;Bomba de infusão B. Braun (Space/Spaceplus);Lista manuscrita 2025 – pág. 27;;;False
2025;2025-07-02;02/07/2025;21128432;Maria Paula Silva Trevisani;Centro Cirúrgico;CC;20;False;B. Braun;Bomba de infusão B. Braun (Space/Spaceplus);Lista manuscrita 2025 – pág. 27;;;False
2025;2025-07-02;02/07/2025;21123080;Andreia S. Oliveira;Centro Cirúrgico;C.C;20;False;B. Braun;Bomba de infusão B. Braun (Space/Spaceplus);Lista manuscrita 2025 – pág. 27;;;False
2025;2025-07-02;02/07/2025;21128055;Fabrício Ruga;CME;CME;20;False;B. Braun;Bomba de infusão B. Braun (Space/Spaceplus);Lista manuscrita 2025 – pág. 27;;;False
2025;2025-07-02;02/07/2025;21128757;Jordie M. Ferreira dos S.;Ala 3;Ala 3;20;False;B. Braun;Bomba de infusão B. Braun (Space/Spaceplus);Lista manuscrita 2025 – pág. 27;;;False
2025;2025-07-02;02/07/2025;;Maria Luiza;CME;CME;20;False;B. Braun;Bomba de infusão B. Braun (Space/Spaceplus);Lista manuscrita 2025 – pág. 27;;;False
2025;2025-07-02;02/07/2025;21126385;Aparecida R. Lopes;CME;CME;20;False;B. Braun;Bomba de infusão B. Braun (Space/Spaceplus);Lista manuscrita 2025 – pág. 27;;;False
2025;2025-07-02;02/07/2025;21128283;Luís Paulo;Ala 1 – Clínica Médica;Clínica;20;False;B. Braun;Bomba de infusão B. Braun (Space/Spaceplus);Lista manuscrita 2025 – pág. 27;;;False
2025;2025-07-02;02/07/2025;21128166;Naidia C. S. Soares;Ala 1 – Clínica Médica;Clínica;20;False;B. Braun;Bomba de infusão B. Braun (Space/Spaceplus);Lista manuscrita 2025 – pág. 27;;;False
2025;2025-07-02;02/07/2025;21128758;Rafael Pimenta de Lima;Ala 1 – Clínica Médica;Clínico;20;False;B. Braun;Bomba de infusão B. Braun (Space/Spaceplus);Lista manuscrita 2025 – pág. 27;;;False
2025;2025-07-02;02/07/2025;21128404;Daniel de Oliveira Mota;Ala 5;Ala 5;20;False;B. Braun;Bomba de infusão B. Braun (Space/Spaceplus);Lista manuscrita 2025 – pág. 27;;;False
2025;2025-07-02;02/07/2025;;Glauco da Silva Ribeiro;Ala 5;Ala 5;20;False;B. Braun;Bomba de infusão B. Braun (Space/Spaceplus);Lista manuscrita 2025 – pág. 27;;;False
2025;2025-07-02;02/07/2025;21128459;Weslei Francisco Martins;Ala 5;Ala 5;20;False;B. Braun;Bomba de infusão B. Braun (Space/Spaceplus);Lista manuscrita 2025 – pág. 27;;;False
2025;2025-07-02;02/07/2025;21127922;Ana Paula Borges;Ala 5;Ala 5;20;False;B. Braun;Bomba de infusão B. Braun (Space/Spaceplus);Lista manuscrita 2025 – pág. 27;;;False
2025;2025-07-02;02/07/2025;21127472;Renata J. Santos;UTI Adulto 1;UTI 1;20;False;B. Braun;Bomba de infusão B. Braun (Space/Spaceplus);Lista manuscrita 2025 – pág. 27;;;False
2025;2025-07-02;02/07/2025;21128852;Stefani Silva Silveira;UTI Adulto 1;UTI-A;20;False;B. Braun;Bomba de infusão B. Braun (Space/Spaceplus);Lista manuscrita 2025 – pág. 27;;;False
2025;2025-07-02;02/07/2025;21127255;Joze Antunes da Silveira;Ala 3;Ala 3;20;False;B. Braun;Bomba de infusão B. Braun (Space/Spaceplus);Lista manuscrita 2025 – pág. 27;;;False
2025;2025-07-02;02/07/2025;32001077;Danilo Gomes de Souza;Ala 1 – Clínica Médica;Ala 1;20;False;B. Braun;Bomba de infusão B. Braun (Space/Spaceplus);Lista manuscrita 2025 – pág. 28;;;False
2025;2025-07-02;02/07/2025;21127564;Tatiana Guiraldelli;Maternidade;Maternidade;20;False;B. Braun;Bomba de infusão B. Braun (Space/Spaceplus);Lista manuscrita 2025 – pág. 28;;;False
2025;2025-07-02;02/07/2025;21122846;Maria Eduarda Costa;Consultório Obstétrico / Prog. Gestante;Consultório Obstétrico;20;False;B. Braun;Bomba de infusão B. Braun (Space/Spaceplus);Lista manuscrita 2025 – pág. 28;;;False
2025;2025-07-02;02/07/2025;21128362;Caroline A. Garcia de Andrade;Consultório Obstétrico / Prog. Gestante;Consultório Obstétrico;20;False;B. Braun;Bomba de infusão B. Braun (Space/Spaceplus);Lista manuscrita 2025 – pág. 28;;;False
2025;2025-07-02;02/07/2025;21126535;Talita A. Correa;Ala 5;Ala 5;20;False;B. Braun;Bomba de infusão B. Braun (Space/Spaceplus);Lista manuscrita 2025 – pág. 28;;;False
2025;2025-07-02;02/07/2025;21128169;Tiago H. Fontes Alves;Ala 1 – Clínica Médica;Ala 1 clínica;20;False;B. Braun;Bomba de infusão B. Braun (Space/Spaceplus);Lista manuscrita 2025 – pág. 28;;;False
2025;2025-07-02;02/07/2025;21124840;Fernando S. Barauna;UTI Adulto 1;UTI 1;20;False;B. Braun;Bomba de infusão B. Braun (Space/Spaceplus);Lista manuscrita 2025 – pág. 28;;;False
2025;2025-07-02;02/07/2025;21125792;Ana Paula S. Pavanetti;Unidade de Emergência;UE;20;False;B. Braun;Bomba de infusão B. Braun (Space/Spaceplus);Lista manuscrita 2025 – pág. 29;;;False
2025;2025-07-02;02/07/2025;21128496;Suelen S. Ávila;Unidade de Emergência;UE;20;False;B. Braun;Bomba de infusão B. Braun (Space/Spaceplus);Lista manuscrita 2025 – pág. 29;;;False
2025;2025-07-02;02/07/2025;21126469;Júlio Cézar A. Santos;Unidade de Emergência;UE;20;False;B. Braun;Bomba de infusão B. Braun (Space/Spaceplus);Lista manuscrita 2025 – pág. 29;;;False
2025;2025-07-02;02/07/2025;21128152;Rafael Aguiar Mendes;Unidade de Emergência;UE;20;False;B. Braun;Bomba de infusão B. Braun (Space/Spaceplus);Lista manuscrita 2025 – pág. 29;;;False
2025;2025-07-02;02/07/2025;21126520;Eduardo Francisco Pedroso;Unidade de Emergência;UE;20;False;B. Braun;Bomba de infusão B. Braun (Space/Spaceplus);Lista manuscrita 2025 – pág. 29;;;False
2025;2025-07-02;02/07/2025;21010774;Maria Luiza Lara Pádua;Unidade de Emergência;UE;20;False;B. Braun;Bomba de infusão B. Braun (Space/Spaceplus);Lista manuscrita 2025 – pág. 29;;;False
2025;2025-07-02;02/07/2025;21127129;Edinéia Oliveira;Unidade de Emergência;UE;20;False;B. Braun;Bomba de infusão B. Braun (Space/Spaceplus);Lista manuscrita 2025 – pág. 29;;;False
2025;2025-07-02;02/07/2025;21127350;Franciele Ap. da Silva;Unidade de Emergência;UE;20;False;B. Braun;Bomba de infusão B. Braun (Space/Spaceplus);Lista manuscrita 2025 – pág. 29;;;False
2025;2025-07-02;02/07/2025;21127068;Michele C. Alves Carneiro;UTI Adulto 1;UTI-A1;20;False;B. Braun;Bomba de infusão B. Braun (Space/Spaceplus);Lista manuscrita 2025 – pág. 29;;;False
2025;2025-07-02;02/07/2025;21126816;Darlete Mendes;Ala 2;Ala 2;20;False;B. Braun;Bomba de infusão B. Braun (Space/Spaceplus);Lista manuscrita 2025 – pág. 29;;;False
2025;2025-07-02;02/07/2025;21128372;João Manoel S. M.;Ala 2;Ala 2;20;False;B. Braun;Bomba de infusão B. Braun (Space/Spaceplus);Lista manuscrita 2025 – pág. 29;;;False
2025;2025-07-02;02/07/2025;21128028;Rosimar Fernandes;Centro Cirúrgico;C.C;20;False;B. Braun;Bomba de infusão B. Braun (Space/Spaceplus);Lista manuscrita 2025 – pág. 29;;;False
2025;2025-07-02;02/07/2025;21128765;Ezequiel Castro;Centro Cirúrgico;C.C;20;False;B. Braun;Bomba de infusão B. Braun (Space/Spaceplus);Lista manuscrita 2025 – pág. 29;;;False
2025;2025-07-02;02/07/2025;21128587;Gabriel Kayque;Centro Cirúrgico;C.C;20;False;B. Braun;Bomba de infusão B. Braun (Space/Spaceplus);Lista manuscrita 2025 – pág. 29;;;False
2025;2025-07-02;02/07/2025;21128553;(ilegível) CME;CME;CME;20;False;B. Braun;Bomba de infusão B. Braun (Space/Spaceplus);Lista manuscrita 2025 – pág. 29;;;True
2025;2025-07-02;02/07/2025;21128660;Isabela Monteiro de Souza;CME;CME;20;False;B. Braun;Bomba de infusão B. Braun (Space/Spaceplus);Lista manuscrita 2025 – pág. 29;;;False
2025;2025-07-02;02/07/2025;21126951;Claudinéia M. S. Couto;CME;CME;20;False;B. Braun;Bomba de infusão B. Braun (Space/Spaceplus);Lista manuscrita 2025 – pág. 29;;;False
2025;2025-07-02;02/07/2025;21126705;Priscila Roberta dos S. Sampaio;CME;CME;20;False;B. Braun;Bomba de infusão B. Braun (Space/Spaceplus);Lista manuscrita 2025 – pág. 29;;;False
2025;2025-07-02;02/07/2025;21127834;Rafaela de O. Barbosa;Centro Cirúrgico;C.C;20;False;B. Braun;Bomba de infusão B. Braun (Space/Spaceplus);Lista manuscrita 2025 – pág. 30;;;False
2025;2025-07-02;02/07/2025;21126847;Fabrício Euripedes Moreira;CME;CME;20;False;B. Braun;Bomba de infusão B. Braun (Space/Spaceplus);Lista manuscrita 2025 – pág. 30;;;False
2025;2025-07-02;02/07/2025;21127439;Driele B. Soares;Centro Cirúrgico;C.C;20;False;B. Braun;Bomba de infusão B. Braun (Space/Spaceplus);Lista manuscrita 2025 – pág. 30;;;False
2025;2025-07-02;02/07/2025;21128083;Maida Camila F. da Silva;Unidade de Emergência;U.E;20;False;B. Braun;Bomba de infusão B. Braun (Space/Spaceplus);Lista manuscrita 2025 – pág. 30;;;False
2025;2025-07-02;02/07/2025;21128805;Raquel Ap. P. Fonseca;Unidade de Emergência;U.E;20;False;B. Braun;Bomba de infusão B. Braun (Space/Spaceplus);Lista manuscrita 2025 – pág. 30;;;False
2025;2025-07-02;02/07/2025;21127426;Fabíola Anunciata de Sousa;Endoscopia;Endoscopia;20;False;B. Braun;Bomba de infusão B. Braun (Space/Spaceplus);Lista manuscrita 2025 – pág. 30;;;False
2026;2026-07-01;01/07/2026 a 02/07/2026;21128706;Abigair Aparecida Cintra;UTI Adulto 1;;30;False;B. Braun;Bomba de infusão B. Braun;Google Forms 2026;True;matrícula;False
2026;2026-07-01;01/07/2026 a 02/07/2026;21128759;Adenilson Simeao De Oliveira;;;30;False;B. Braun;Bomba de infusão B. Braun;Google Forms 2026;False;;False
2026;2026-07-01;01/07/2026 a 02/07/2026;32001131;Adriana Cristina Centeno Cardoso;;;30;False;B. Braun;Bomba de infusão B. Braun;Google Forms 2026;False;;False
2026;2026-07-01;01/07/2026 a 02/07/2026;21127674;Adriana De Oliveira Araujo Lima;Ala 3;;30;False;B. Braun;Bomba de infusão B. Braun;Google Forms 2026;True;matrícula;False
2026;2026-07-01;01/07/2026 a 02/07/2026;21127810;Adriana Ferreira Luiz;Ala 3;;30;False;B. Braun;Bomba de infusão B. Braun;Google Forms 2026;True;matrícula;False
2026;2026-07-01;01/07/2026 a 02/07/2026;21126408;Agostinho Antonio Moura;UTI Adulto 2;;30;False;B. Braun;Bomba de infusão B. Braun;Google Forms 2026;True;matrícula;False
2026;2026-07-01;01/07/2026 a 02/07/2026;21127856;Alana Roberta Fernandes Silva;Unidade de Emergência;;30;False;B. Braun;Bomba de infusão B. Braun;Google Forms 2026;True;matrícula;False
2026;2026-07-01;01/07/2026 a 02/07/2026;21127388;Alessandra Cristina Soares;UTI Adulto 2;;30;False;B. Braun;Bomba de infusão B. Braun;Google Forms 2026;True;matrícula;False
2026;2026-07-01;01/07/2026 a 02/07/2026;21129075;Alexandra Luiza Perciliano Couto;;;30;False;B. Braun;Bomba de infusão B. Braun;Google Forms 2026;False;;False
2026;2026-07-01;01/07/2026 a 02/07/2026;21120863;Aline Aguilar Campoi;Hospital Dia;;30;False;B. Braun;Bomba de infusão B. Braun;Google Forms 2026;True;matrícula;False
2026;2026-07-01;01/07/2026 a 02/07/2026;21129062;Aline Angelino De Araujo;Maternidade;;30;False;B. Braun;Bomba de infusão B. Braun;Google Forms 2026;True;nome;False
2026;2026-07-01;01/07/2026 a 02/07/2026;21128301;Aline Aparecida De Souza Museti;;;30;False;B. Braun;Bomba de infusão B. Braun;Google Forms 2026;False;;False
2026;2026-07-01;01/07/2026 a 02/07/2026;21129026;Aline Braga Da Silva;;;30;False;B. Braun;Bomba de infusão B. Braun;Google Forms 2026;False;;False
2026;2026-07-01;01/07/2026 a 02/07/2026;21128054;Amanda Cristina Silva De Andrade;Ala 5;;30;False;B. Braun;Bomba de infusão B. Braun;Google Forms 2026;True;matrícula;False
2026;2026-07-01;01/07/2026 a 02/07/2026;21127522;Amanda De Souza Camilo;Ala 1 – Clínica Médica;;30;False;B. Braun;Bomba de infusão B. Braun;Google Forms 2026;True;matrícula;False
2026;2026-07-01;01/07/2026 a 02/07/2026;21127876;Amanda Dos Santos Silva;Maternidade;;30;False;B. Braun;Bomba de infusão B. Braun;Google Forms 2026;True;matrícula;False
2026;2026-07-01;01/07/2026 a 02/07/2026;21128002;Amanda Peres Rodrigues;Ala 3;;30;False;B. Braun;Bomba de infusão B. Braun;Google Forms 2026;True;matrícula;False
2026;2026-07-01;01/07/2026 a 02/07/2026;21128003;Amanda Silva Miranda;Ala 2;;30;False;B. Braun;Bomba de infusão B. Braun;Google Forms 2026;True;matrícula;False
2026;2026-07-01;01/07/2026 a 02/07/2026;21128387;Ana Carmen Dos Santos;;;30;False;B. Braun;Bomba de infusão B. Braun;Google Forms 2026;False;;False
2026;2026-07-01;01/07/2026 a 02/07/2026;21128388;Ana Carolina Duarte;;;30;False;B. Braun;Bomba de infusão B. Braun;Google Forms 2026;False;;False
2026;2026-07-01;01/07/2026 a 02/07/2026;21128829;Ana Carolina Santos Silva;UTI Adulto 1;;30;False;B. Braun;Bomba de infusão B. Braun;Google Forms 2026;True;matrícula;False
2026;2026-07-01;01/07/2026 a 02/07/2026;21128334;Ana Claudia Januario;;;30;False;B. Braun;Bomba de infusão B. Braun;Google Forms 2026;False;;False
2026;2026-07-01;01/07/2026 a 02/07/2026;21127922;Ana Paula Borges Campos De Oliveira;Ala 5;;30;False;B. Braun;Bomba de infusão B. Braun;Google Forms 2026;True;matrícula;False
2026;2026-07-01;01/07/2026 a 02/07/2026;21129124;Ana Paula Da Silva;;;30;False;B. Braun;Bomba de infusão B. Braun;Google Forms 2026;False;;False
2026;2026-07-01;01/07/2026 a 02/07/2026;21128559;Ana Paula Mendes Gomes;UTI Adulto 2;;30;False;B. Braun;Bomba de infusão B. Braun;Google Forms 2026;True;matrícula;False
2026;2026-07-01;01/07/2026 a 02/07/2026;21129122;Andrei Constantino Silva;;;30;False;B. Braun;Bomba de infusão B. Braun;Google Forms 2026;False;;False
2026;2026-07-01;01/07/2026 a 02/07/2026;21126329;Andreia Cristina Aguila Castro;Maternidade;;30;False;B. Braun;Bomba de infusão B. Braun;Google Forms 2026;True;matrícula;False
2026;2026-07-01;01/07/2026 a 02/07/2026;21127850;Andresa Messias Miranda;Centro Cirúrgico;;30;False;B. Braun;Bomba de infusão B. Braun;Google Forms 2026;True;matrícula;False
2026;2026-07-01;01/07/2026 a 02/07/2026;21124761;Angelica Pires Oliveira;Centro Cirúrgico;;30;False;B. Braun;Bomba de infusão B. Braun;Google Forms 2026;True;matrícula;False
2026;2026-07-01;01/07/2026 a 02/07/2026;21127554;Antonio Sergio De Oliveira;Ala 3;;30;False;B. Braun;Bomba de infusão B. Braun;Google Forms 2026;True;matrícula;False
2026;2026-07-01;01/07/2026 a 02/07/2026;21128739;Athos Henrique Semeao;Ala 1 – Clínica Médica;;30;False;B. Braun;Bomba de infusão B. Braun;Google Forms 2026;True;nome;False
2026;2026-07-01;01/07/2026 a 02/07/2026;21127759;Aurora Freitas De Menezes Neta;;;30;False;B. Braun;Bomba de infusão B. Braun;Google Forms 2026;False;;False
2026;2026-07-01;01/07/2026 a 02/07/2026;21128225;Beatriz Brandieri Silveira;UTI Neonatal / Infantil;;30;False;B. Braun;Bomba de infusão B. Braun;Google Forms 2026;True;matrícula;False
2026;2026-07-01;01/07/2026 a 02/07/2026;32001104;Beatriz De Araujo Teixeira;;;30;False;B. Braun;Bomba de infusão B. Braun;Google Forms 2026;False;;False
2026;2026-07-01;01/07/2026 a 02/07/2026;21127884;Bianca Damas Estevao;UTI Adulto 2;;30;False;B. Braun;Bomba de infusão B. Braun;Google Forms 2026;True;matrícula;False
2026;2026-07-01;01/07/2026 a 02/07/2026;21128133;Bianca Dias Fernandes;UTI Adulto 2;;30;False;B. Braun;Bomba de infusão B. Braun;Google Forms 2026;True;matrícula;False
2026;2026-07-01;01/07/2026 a 02/07/2026;21128455;Bianca Jales Costa;;;30;False;B. Braun;Bomba de infusão B. Braun;Google Forms 2026;False;;False
2026;2026-07-01;01/07/2026 a 02/07/2026;21127969;Bianca Soares Pereira;Maternidade;;30;False;B. Braun;Bomba de infusão B. Braun;Google Forms 2026;True;matrícula;False
2026;2026-07-01;01/07/2026 a 02/07/2026;21128944;Brena Fernanda Policarpo De Freitas;;;30;False;B. Braun;Bomba de infusão B. Braun;Google Forms 2026;False;;False
2026;2026-07-01;01/07/2026 a 02/07/2026;21127727;Brenda Queiroz Dos Santos;Maternidade;;30;False;B. Braun;Bomba de infusão B. Braun;Google Forms 2026;True;matrícula;False
2026;2026-07-01;01/07/2026 a 02/07/2026;21128008;Bruna Cavalini Batista;Ala 1 – Clínica Médica;;30;False;B. Braun;Bomba de infusão B. Braun;Google Forms 2026;True;matrícula;False
2026;2026-07-01;01/07/2026 a 02/07/2026;21127458;Bruna Rodrigues Marcal;Centro Cirúrgico;;30;False;B. Braun;Bomba de infusão B. Braun;Google Forms 2026;True;matrícula;False
2026;2026-07-01;01/07/2026 a 02/07/2026;21128532;Bruno Carlos Da Silva;Ala 5;;30;False;B. Braun;Bomba de infusão B. Braun;Google Forms 2026;True;matrícula;False
2026;2026-07-01;01/07/2026 a 02/07/2026;21128849;Camila Heloisa Idelfonso De Morais Pim;Ala 1 – Clínica Médica;;30;False;B. Braun;Bomba de infusão B. Braun;Google Forms 2026;True;matrícula;False
2026;2026-07-01;01/07/2026 a 02/07/2026;21127808;Carla Rita Moreira Pandolfo Fonseca;UTI Adulto 1;;30;False;B. Braun;Bomba de infusão B. Braun;Google Forms 2026;True;matrícula;False
2026;2026-07-01;01/07/2026 a 02/07/2026;21127341;Carla Stefania Da Silva Colombari;Centro Cirúrgico;;30;False;B. Braun;Bomba de infusão B. Braun;Google Forms 2026;True;matrícula;False
2026;2026-07-01;01/07/2026 a 02/07/2026;11207990;Carlos Alexandre De Jesus Costa;;;30;False;B. Braun;Bomba de infusão B. Braun;Google Forms 2026;False;;False
2026;2026-07-01;01/07/2026 a 02/07/2026;21128622;Carlos Alfredo Camara;Unidade de Emergência;;30;False;B. Braun;Bomba de infusão B. Braun;Google Forms 2026;True;matrícula;False
2026;2026-07-01;01/07/2026 a 02/07/2026;21128920;Carlos Eduardo Alves De Almeida;UTI Adulto 2;;30;False;B. Braun;Bomba de infusão B. Braun;Google Forms 2026;True;matrícula;False
2026;2026-07-01;01/07/2026 a 02/07/2026;21127410;Carolina Martins Silva;Endoscopia;;30;False;B. Braun;Bomba de infusão B. Braun;Google Forms 2026;True;matrícula;False
2026;2026-07-01;01/07/2026 a 02/07/2026;21127471;Celia Patrocinio Marques;;;30;False;B. Braun;Bomba de infusão B. Braun;Google Forms 2026;False;;False
2026;2026-07-01;01/07/2026 a 02/07/2026;21126922;Celio Jacinto De Oliveira;Ala 2;;30;False;B. Braun;Bomba de infusão B. Braun;Google Forms 2026;True;matrícula;False
2026;2026-07-01;01/07/2026 a 02/07/2026;21128883;Charles Vinicius Costa Moreira;Ala 2;;30;False;B. Braun;Bomba de infusão B. Braun;Google Forms 2026;True;matrícula;False
2026;2026-07-01;01/07/2026 a 02/07/2026;21005940;Cibele Sandra Marques Figueredo;;;30;False;B. Braun;Bomba de infusão B. Braun;Google Forms 2026;False;;False
2026;2026-07-01;01/07/2026 a 02/07/2026;21128011;Cirlei Aparecida Da Silva Campos;Ala 5;;30;False;B. Braun;Bomba de infusão B. Braun;Google Forms 2026;True;matrícula;False
2026;2026-07-01;01/07/2026 a 02/07/2026;21127802;Daiane Cristina Pereira Castellani;CDC;;30;False;B. Braun;Bomba de infusão B. Braun;Google Forms 2026;True;matrícula;False
2026;2026-07-01;01/07/2026 a 02/07/2026;21128080;Daiane Soares Policarpio;;;30;False;B. Braun;Bomba de infusão B. Braun;Google Forms 2026;False;;False
2026;2026-07-01;01/07/2026 a 02/07/2026;21127493;Daniel De Andre Junqueira;Unidade de Emergência;;30;False;B. Braun;Bomba de infusão B. Braun;Google Forms 2026;True;matrícula;False
2026;2026-07-01;01/07/2026 a 02/07/2026;21128009;Daniela Fernandes Nascimento;Pediatria;;30;False;B. Braun;Bomba de infusão B. Braun;Google Forms 2026;True;matrícula;False
2026;2026-07-01;01/07/2026 a 02/07/2026;21128838;Danielle Bento Ferreira;Hemodiálise;;30;False;B. Braun;Bomba de infusão B. Braun;Google Forms 2026;True;matrícula;False
2026;2026-07-01;01/07/2026 a 02/07/2026;21128420;Danielle Cristina Moreira;;;30;False;B. Braun;Bomba de infusão B. Braun;Google Forms 2026;False;;False
2026;2026-07-01;01/07/2026 a 02/07/2026;21128489;Danyela Da Costa Alves;Ala 1 – Clínica Médica;;30;False;B. Braun;Bomba de infusão B. Braun;Google Forms 2026;True;matrícula;False
2026;2026-07-01;01/07/2026 a 02/07/2026;21126816;Darlete Mendes;Ala 2;;30;False;B. Braun;Bomba de infusão B. Braun;Google Forms 2026;True;matrícula;False
2026;2026-07-01;01/07/2026 a 02/07/2026;21129076;Davi Santana Macedo Fernandes;;;30;False;B. Braun;Bomba de infusão B. Braun;Google Forms 2026;False;;False
2026;2026-07-01;01/07/2026 a 02/07/2026;21128830;Dayane Ribeiro Ferreira;Pediatria;;30;False;B. Braun;Bomba de infusão B. Braun;Google Forms 2026;True;matrícula;False
2026;2026-07-01;01/07/2026 a 02/07/2026;21128320;Dayene Elias Cubeiro;Unidade de Emergência;;30;False;B. Braun;Bomba de infusão B. Braun;Google Forms 2026;True;matrícula;False
2026;2026-07-01;01/07/2026 a 02/07/2026;21128832;Debora Da Silva Candido;Ala 2;;30;False;B. Braun;Bomba de infusão B. Braun;Google Forms 2026;True;matrícula;False
2026;2026-07-01;01/07/2026 a 02/07/2026;21122815;Deusdete Martins Dias;;;30;False;B. Braun;Bomba de infusão B. Braun;Google Forms 2026;False;;False
2026;2026-07-01;01/07/2026 a 02/07/2026;21124966;Diego Rodolfo Ferreira;UTI Adulto 2;;30;False;B. Braun;Bomba de infusão B. Braun;Google Forms 2026;True;matrícula;False
2026;2026-07-01;01/07/2026 a 02/07/2026;21128490;Edilaine Cristina Ferreira Barbosa;Ala 2;;30;False;B. Braun;Bomba de infusão B. Braun;Google Forms 2026;True;matrícula;False
2026;2026-07-01;01/07/2026 a 02/07/2026;21121045;Edineia Alves Rocha Silva;Endoscopia;;30;False;B. Braun;Bomba de infusão B. Braun;Google Forms 2026;True;matrícula;False
2026;2026-07-01;01/07/2026 a 02/07/2026;21128464;Eduardo Andrade Brandao;UTI Adulto 1;;30;False;B. Braun;Bomba de infusão B. Braun;Google Forms 2026;True;matrícula;False
2026;2026-07-01;01/07/2026 a 02/07/2026;21128377;Elaine Cristina De Paula Costa;;;30;False;B. Braun;Bomba de infusão B. Braun;Google Forms 2026;False;;False
2026;2026-07-01;01/07/2026 a 02/07/2026;21128544;Eleandro Jose Barbosa;Hemodinâmica;;30;False;B. Braun;Bomba de infusão B. Braun;Google Forms 2026;True;matrícula;False
2026;2026-07-01;01/07/2026 a 02/07/2026;21128391;Eliene Queiroz De Menezes;Pediatria;;30;False;B. Braun;Bomba de infusão B. Braun;Google Forms 2026;True;matrícula;False
2026;2026-07-01;01/07/2026 a 02/07/2026;21128884;Elivelton Augusto Pimenta;Ala 3;;30;False;B. Braun;Bomba de infusão B. Braun;Google Forms 2026;True;matrícula;False
2026;2026-07-01;01/07/2026 a 02/07/2026;21128017;Elzonita Marcia Pereira;Endoscopia;;30;False;B. Braun;Bomba de infusão B. Braun;Google Forms 2026;True;matrícula;False
2026;2026-07-01;01/07/2026 a 02/07/2026;21128056;Emiliane Pessoni De Sousa Martins;;;30;False;B. Braun;Bomba de infusão B. Braun;Google Forms 2026;False;;False
2026;2026-07-01;01/07/2026 a 02/07/2026;21129048;Emily De Castro Araujo;;;30;False;B. Braun;Bomba de infusão B. Braun;Google Forms 2026;False;;False
2026;2026-07-01;01/07/2026 a 02/07/2026;21127831;Erica Cristina Pimenta Silva;;;30;False;B. Braun;Bomba de infusão B. Braun;Google Forms 2026;False;;False
2026;2026-07-01;01/07/2026 a 02/07/2026;21125113;Erica Hermogenes Da Paixao Nascimento;Centro Cirúrgico Ambulatorial;;30;False;B. Braun;Bomba de infusão B. Braun;Google Forms 2026;True;matrícula;False
2026;2026-07-01;01/07/2026 a 02/07/2026;21127261;Erika Cristina Justino De Sousa;;;30;False;B. Braun;Bomba de infusão B. Braun;Google Forms 2026;False;;False
2026;2026-07-01;01/07/2026 a 02/07/2026;21128891;Ester De Azevedo;;;30;False;B. Braun;Bomba de infusão B. Braun;Google Forms 2026;False;;False
2026;2026-07-01;01/07/2026 a 02/07/2026;21128569;Esther Cunha De Souza;CDI;;30;False;B. Braun;Bomba de infusão B. Braun;Google Forms 2026;True;matrícula;False
2026;2026-07-01;01/07/2026 a 02/07/2026;21127889;Evelyn Eduarda Gomes Silva;Endoscopia;;30;False;B. Braun;Bomba de infusão B. Braun;Google Forms 2026;True;matrícula;False
2026;2026-07-01;01/07/2026 a 02/07/2026;21128545;Fabiana Goncalves Costa;Hemodinâmica;;30;False;B. Braun;Bomba de infusão B. Braun;Google Forms 2026;True;matrícula;False
2026;2026-07-01;01/07/2026 a 02/07/2026;21127426;Fabiola Anunciata De Sousa;Endoscopia;;30;False;B. Braun;Bomba de infusão B. Braun;Google Forms 2026;True;matrícula;False
2026;2026-07-01;01/07/2026 a 02/07/2026;21126847;Fabricio Euripedes Moreira;CME;;30;False;B. Braun;Bomba de infusão B. Braun;Google Forms 2026;True;matrícula;False
2026;2026-07-01;01/07/2026 a 02/07/2026;21127183;Fatima Aparecida De Oliveira Pereira;Ala 3;;30;False;B. Braun;Bomba de infusão B. Braun;Google Forms 2026;True;matrícula;False
2026;2026-07-01;01/07/2026 a 02/07/2026;21128964;Fatima Sinara Rego Leite;;;30;False;B. Braun;Bomba de infusão B. Braun;Google Forms 2026;False;;False
2026;2026-07-01;01/07/2026 a 02/07/2026;21128623;Fernanda Aguiar Pereira Da Silva;;;30;False;B. Braun;Bomba de infusão B. Braun;Google Forms 2026;False;;False
2026;2026-07-01;01/07/2026 a 02/07/2026;21128929;Fernanda Barbosa Da Silva Campos;Ala 1 – Clínica Médica;;30;False;B. Braun;Bomba de infusão B. Braun;Google Forms 2026;True;nome;False
2026;2026-07-01;01/07/2026 a 02/07/2026;21126376;Fernanda Cristina Da Silva;Ala 5;;30;False;B. Braun;Bomba de infusão B. Braun;Google Forms 2026;True;matrícula;False
2026;2026-07-01;01/07/2026 a 02/07/2026;21128018;Fernanda Manoela Bego Faleiros Conrado;UTI Neonatal / Infantil;;30;False;B. Braun;Bomba de infusão B. Braun;Google Forms 2026;True;matrícula;False
2026;2026-07-01;01/07/2026 a 02/07/2026;21128926;Filipe De Sousa Silva;;;30;False;B. Braun;Bomba de infusão B. Braun;Google Forms 2026;False;;False
2026;2026-07-01;01/07/2026 a 02/07/2026;21128813;Flavia Barbosa De Azevedo;Quimioterapia;;30;False;B. Braun;Bomba de infusão B. Braun;Google Forms 2026;True;matrícula;False
2026;2026-07-01;01/07/2026 a 02/07/2026;21128240;Flaviana Cristina Rocha;UTI Adulto 1;;30;False;B. Braun;Bomba de infusão B. Braun;Google Forms 2026;True;matrícula;False
2026;2026-07-01;01/07/2026 a 02/07/2026;21128839;Flavio Goncalves De Carvalho;UTI Adulto 1;;30;False;B. Braun;Bomba de infusão B. Braun;Google Forms 2026;True;matrícula;False
2026;2026-07-01;01/07/2026 a 02/07/2026;21127350;Franciele Aparecida Da Silva;Unidade de Emergência;;30;False;B. Braun;Bomba de infusão B. Braun;Google Forms 2026;True;matrícula;False
2026;2026-07-01;01/07/2026 a 02/07/2026;11207543;Franciele Cristina De Souza;Unilar;;30;False;B. Braun;Bomba de infusão B. Braun;Google Forms 2026;True;matrícula;False
2026;2026-07-01;01/07/2026 a 02/07/2026;21128950;Francielen Rocca Bezerra Lavos;;;30;False;B. Braun;Bomba de infusão B. Braun;Google Forms 2026;False;;False
2026;2026-07-01;01/07/2026 a 02/07/2026;21128522;Francieli Muriggi Lopes;Unidade de Emergência;;30;False;B. Braun;Bomba de infusão B. Braun;Google Forms 2026;True;matrícula;False
2026;2026-07-01;01/07/2026 a 02/07/2026;21127785;Gabriel Henrique De Castro Brinoti;Centro Cirúrgico Ambulatorial;;30;False;B. Braun;Bomba de infusão B. Braun;Google Forms 2026;True;matrícula;False
2026;2026-07-01;01/07/2026 a 02/07/2026;21127314;Gabriela Nogueira Cortez;Ala 2;;30;False;B. Braun;Bomba de infusão B. Braun;Google Forms 2026;True;matrícula;False
2026;2026-07-01;01/07/2026 a 02/07/2026;11207934;Gabriella Aparecida Da Silva;Unilar;;30;False;B. Braun;Bomba de infusão B. Braun;Google Forms 2026;True;matrícula;False
2026;2026-07-01;01/07/2026 a 02/07/2026;21128123;Gabriella Caetano Rodrigues Silva;Ala 1 – Clínica Médica;;30;False;B. Braun;Bomba de infusão B. Braun;Google Forms 2026;True;matrícula;False
2026;2026-07-01;01/07/2026 a 02/07/2026;21127787;Gislei Naiara De Morais;;;30;False;B. Braun;Bomba de infusão B. Braun;Google Forms 2026;False;;False
2026;2026-07-01;01/07/2026 a 02/07/2026;21123625;Glauco Da Silva Ribeiro;Ala 5;;30;False;B. Braun;Bomba de infusão B. Braun;Google Forms 2026;True;nome;False
2026;2026-07-01;01/07/2026 a 02/07/2026;21127576;Graciela Fernanda De Oliveira Ribeiro;CME;;30;False;B. Braun;Bomba de infusão B. Braun;Google Forms 2026;True;matrícula;False
2026;2026-07-01;01/07/2026 a 02/07/2026;11207636;Graziele Mori Alves Cortez;;;30;False;B. Braun;Bomba de infusão B. Braun;Google Forms 2026;False;;False
2026;2026-07-01;01/07/2026 a 02/07/2026;21128583;Gustavo Mendes Silva;Quimioterapia;;30;False;B. Braun;Bomba de infusão B. Braun;Google Forms 2026;True;matrícula;False
2026;2026-07-01;01/07/2026 a 02/07/2026;21129063;Henrique Mori Santana;;;30;False;B. Braun;Bomba de infusão B. Braun;Google Forms 2026;False;;False
2026;2026-07-01;01/07/2026 a 02/07/2026;21128107;Higor Henrique De Oliveira;;;30;False;B. Braun;Bomba de infusão B. Braun;Google Forms 2026;False;;False
2026;2026-07-01;01/07/2026 a 02/07/2026;21128142;Hydemara Campos Costa;Unidade de Emergência;;30;False;B. Braun;Bomba de infusão B. Braun;Google Forms 2026;True;matrícula;False
2026;2026-07-01;01/07/2026 a 02/07/2026;21128081;Ingred Eduarda Ferreira Da Silva;Ala 1 – Clínica Médica;;30;False;B. Braun;Bomba de infusão B. Braun;Google Forms 2026;True;matrícula;False
2026;2026-07-01;01/07/2026 a 02/07/2026;21126365;Isabel Rodrigues Dos Santos;Ala 5;;30;False;B. Braun;Bomba de infusão B. Braun;Google Forms 2026;True;matrícula;False
2026;2026-07-01;01/07/2026 a 02/07/2026;21127962;Isabela Guerino Basilio;UTI Adulto 2;;30;False;B. Braun;Bomba de infusão B. Braun;Google Forms 2026;True;matrícula;False
2026;2026-07-01;01/07/2026 a 02/07/2026;21128442;Isabela Luper;Centro Cirúrgico;;30;False;B. Braun;Bomba de infusão B. Braun;Google Forms 2026;True;matrícula;False
2026;2026-07-01;01/07/2026 a 02/07/2026;21127085;Ivani Assis De Carvalho;Unidade de Emergência;;30;False;B. Braun;Bomba de infusão B. Braun;Google Forms 2026;True;matrícula;False
2026;2026-07-01;01/07/2026 a 02/07/2026;21127914;Izabela Alves Bastos Da Silva;Ala 2;;30;False;B. Braun;Bomba de infusão B. Braun;Google Forms 2026;True;matrícula;False
2026;2026-07-01;01/07/2026 a 02/07/2026;21128741;Janailson Ferreira Da Silva;Unidade de Emergência;;30;False;B. Braun;Bomba de infusão B. Braun;Google Forms 2026;True;matrícula;False
2026;2026-07-01;01/07/2026 a 02/07/2026;21126821;Janaina Soares Clemente Lima;CDI;;30;False;B. Braun;Bomba de infusão B. Braun;Google Forms 2026;True;matrícula;False
2026;2026-07-01;01/07/2026 a 02/07/2026;21128948;Jaqueline Cristine Delfino;;;30;False;B. Braun;Bomba de infusão B. Braun;Google Forms 2026;False;;False
2026;2026-07-01;01/07/2026 a 02/07/2026;21127684;Jean Vitor Bertoli Dos Santos;UTI Neonatal / Infantil;;30;False;B. Braun;Bomba de infusão B. Braun;Google Forms 2026;True;matrícula;False
2026;2026-07-01;01/07/2026 a 02/07/2026;21128992;Jeniffer Oliveira Teixeira;;;30;False;B. Braun;Bomba de infusão B. Braun;Google Forms 2026;False;;False
2026;2026-07-01;01/07/2026 a 02/07/2026;21128634;Jerico Willian Barbosa;Ala 5;;30;False;B. Braun;Bomba de infusão B. Braun;Google Forms 2026;True;matrícula;False
2026;2026-07-01;01/07/2026 a 02/07/2026;21128090;Jessica Aparecida Almeida Pereira;;;30;False;B. Braun;Bomba de infusão B. Braun;Google Forms 2026;False;;False
2026;2026-07-01;01/07/2026 a 02/07/2026;21125466;Jessica Aparecida Dos Santos Machado;Endoscopia;;30;False;B. Braun;Bomba de infusão B. Braun;Google Forms 2026;True;matrícula;False
2026;2026-07-01;01/07/2026 a 02/07/2026;21128966;Jessica Lopes Araujo Bastianini;;;30;False;B. Braun;Bomba de infusão B. Braun;Google Forms 2026;False;;False
2026;2026-07-01;01/07/2026 a 02/07/2026;21128776;Jhon Adan Soares Batista;Unidade de Emergência;;30;False;B. Braun;Bomba de infusão B. Braun;Google Forms 2026;True;matrícula;False
2026;2026-07-01;01/07/2026 a 02/07/2026;21128267;Jhonny Martins Dias Vitorino;Ala 2;;30;False;B. Braun;Bomba de infusão B. Braun;Google Forms 2026;True;matrícula;False
2026;2026-07-01;01/07/2026 a 02/07/2026;21129050;Jhony Vinicius Santos;Ala 3;;30;False;B. Braun;Bomba de infusão B. Braun;Google Forms 2026;True;nome;False
2026;2026-07-01;01/07/2026 a 02/07/2026;21127728;Joao Vitor Bertoli Lopes;UTI Neonatal / Infantil;;30;False;B. Braun;Bomba de infusão B. Braun;Google Forms 2026;True;matrícula;False
2026;2026-07-01;01/07/2026 a 02/07/2026;21128556;Joice Aparecida Dos Santos Goncalves;;;30;False;B. Braun;Bomba de infusão B. Braun;Google Forms 2026;False;;False
2026;2026-07-01;01/07/2026 a 02/07/2026;21128422;Joice Dos Reis Rodrigues;Ala 1 – Clínica Médica;;30;False;B. Braun;Bomba de infusão B. Braun;Google Forms 2026;True;matrícula;False
2026;2026-07-01;01/07/2026 a 02/07/2026;21127965;Joseane Junqueira Merchan;UTI Neonatal / Infantil;;30;False;B. Braun;Bomba de infusão B. Braun;Google Forms 2026;True;matrícula;False
2026;2026-07-01;01/07/2026 a 02/07/2026;21128135;Josefa Souza Nascimento De Oliveira;;;30;False;B. Braun;Bomba de infusão B. Braun;Google Forms 2026;False;;False
2026;2026-07-01;01/07/2026 a 02/07/2026;21127696;Joyce Cristina De Brito Andrade;Ala 5;;30;False;B. Braun;Bomba de infusão B. Braun;Google Forms 2026;True;matrícula;False
2026;2026-07-01;01/07/2026 a 02/07/2026;21127255;Joze Antunes Da Silveira Andrade;Ala 3;;30;False;B. Braun;Bomba de infusão B. Braun;Google Forms 2026;True;matrícula;False
2026;2026-07-01;01/07/2026 a 02/07/2026;21127499;Julia Maria Domingos C Teles De Faria;Ala 1 – Clínica Médica;;30;False;B. Braun;Bomba de infusão B. Braun;Google Forms 2026;True;matrícula;False
2026;2026-07-01;01/07/2026 a 02/07/2026;21127961;Juliana Cristina De Oliveira Soares;Ala 2;;30;False;B. Braun;Bomba de infusão B. Braun;Google Forms 2026;True;matrícula;False
2026;2026-07-01;01/07/2026 a 02/07/2026;21126864;Juliana Pereira Dos Santos;Hospital Dia;;30;False;B. Braun;Bomba de infusão B. Braun;Google Forms 2026;True;matrícula;False
2026;2026-07-01;01/07/2026 a 02/07/2026;21125211;Juliano Da Silva Prado;Ala 5;;30;False;B. Braun;Bomba de infusão B. Braun;Google Forms 2026;True;matrícula;False
2026;2026-07-01;01/07/2026 a 02/07/2026;21127804;Juliete Pereira Lobo;Unidade de Emergência;;30;False;B. Braun;Bomba de infusão B. Braun;Google Forms 2026;True;matrícula;False
2026;2026-07-01;01/07/2026 a 02/07/2026;21126469;Julio Cezar Araujo Dos Santos;Unidade de Emergência;;30;False;B. Braun;Bomba de infusão B. Braun;Google Forms 2026;True;matrícula;False
2026;2026-07-01;01/07/2026 a 02/07/2026;21128479;Karen Aparecida Dos Santos Januario;UTI Neonatal / Infantil;;30;False;B. Braun;Bomba de infusão B. Braun;Google Forms 2026;True;matrícula;False
2026;2026-07-01;01/07/2026 a 02/07/2026;21127507;Karen Hapuk Alves Oliveira;Ala 2;;30;False;B. Braun;Bomba de infusão B. Braun;Google Forms 2026;True;matrícula;False
2026;2026-07-01;01/07/2026 a 02/07/2026;21128550;Karina Aparecida Oliveira Bernardes;Hemodinâmica;;30;False;B. Braun;Bomba de infusão B. Braun;Google Forms 2026;True;matrícula;False
2026;2026-07-01;01/07/2026 a 02/07/2026;21127973;Karina Elisa Da Silva O Massaneiro;Unidade de Emergência;;30;False;B. Braun;Bomba de infusão B. Braun;Google Forms 2026;True;matrícula;False
2026;2026-07-01;01/07/2026 a 02/07/2026;21128446;Karina Teixeira Lima;UTI Adulto 1;;30;False;B. Braun;Bomba de infusão B. Braun;Google Forms 2026;True;matrícula;False
2026;2026-07-01;01/07/2026 a 02/07/2026;21126786;Karine Hipolita Da Silva;;;30;False;B. Braun;Bomba de infusão B. Braun;Google Forms 2026;False;;False
2026;2026-07-01;01/07/2026 a 02/07/2026;21127839;Kelly Cristina Pereira;;;30;False;B. Braun;Bomba de infusão B. Braun;Google Forms 2026;False;;False
2026;2026-07-01;01/07/2026 a 02/07/2026;21128844;Kenia Aparecida Faleiros De Paula;Centro Cirúrgico;;30;False;B. Braun;Bomba de infusão B. Braun;Google Forms 2026;True;matrícula;False
2026;2026-07-01;01/07/2026 a 02/07/2026;21126860;Kenia Maria Terra Moreira;Centro Cirúrgico;;30;False;B. Braun;Bomba de infusão B. Braun;Google Forms 2026;True;matrícula;False
2026;2026-07-01;01/07/2026 a 02/07/2026;21127656;Kenia Rodrigues Martins;Maternidade;;30;False;B. Braun;Bomba de infusão B. Braun;Google Forms 2026;True;nome;False
2026;2026-07-01;01/07/2026 a 02/07/2026;21128656;Lais Cristina De Jesus Maschi;Ala 2;;30;False;B. Braun;Bomba de infusão B. Braun;Google Forms 2026;True;matrícula;False
2026;2026-07-01;01/07/2026 a 02/07/2026;21128925;Lana Amaral;Endoscopia;;30;False;B. Braun;Bomba de infusão B. Braun;Google Forms 2026;True;matrícula;False
2026;2026-07-01;01/07/2026 a 02/07/2026;21127958;Lara Silva Guedes Cruz;UTI Adulto 2;;30;False;B. Braun;Bomba de infusão B. Braun;Google Forms 2026;True;matrícula;False
2026;2026-07-01;01/07/2026 a 02/07/2026;21128328;Larissa Cristina Rossato Gouveia;UTI Adulto 1;;30;False;B. Braun;Bomba de infusão B. Braun;Google Forms 2026;True;matrícula;False
2026;2026-07-01;01/07/2026 a 02/07/2026;32001102;Larissa De Oliveira Martins;;;30;False;B. Braun;Bomba de infusão B. Braun;Google Forms 2026;False;;False
2026;2026-07-01;01/07/2026 a 02/07/2026;21128493;Larissa Santos Guimaraes;UTI Adulto 1;;30;False;B. Braun;Bomba de infusão B. Braun;Google Forms 2026;True;matrícula;False
2026;2026-07-01;01/07/2026 a 02/07/2026;21128424;Lavynea Oliveira Ferreira De Paula;Maternidade;;30;False;B. Braun;Bomba de infusão B. Braun;Google Forms 2026;True;matrícula;False
2026;2026-07-01;01/07/2026 a 02/07/2026;21128834;Leticia Lizo Macedo Ferreira;Maternidade;;30;False;B. Braun;Bomba de infusão B. Braun;Google Forms 2026;True;matrícula;False
2026;2026-07-01;01/07/2026 a 02/07/2026;21128070;Leticia Pires Souza;Pediatria;;30;False;B. Braun;Bomba de infusão B. Braun;Google Forms 2026;True;matrícula;False
2026;2026-07-01;01/07/2026 a 02/07/2026;21128099;Leticia Rafaela De Souza;Ala 1 – Clínica Médica;;30;False;B. Braun;Bomba de infusão B. Braun;Google Forms 2026;True;matrícula;False
2026;2026-07-01;01/07/2026 a 02/07/2026;11207641;Leticia Soares De Freitas;Unilar;;30;False;B. Braun;Bomba de infusão B. Braun;Google Forms 2026;True;matrícula;False
2026;2026-07-01;01/07/2026 a 02/07/2026;21126723;Ligia Roberta De Carvalho Samenho;Ala 2;;30;False;B. Braun;Bomba de infusão B. Braun;Google Forms 2026;True;matrícula;False
2026;2026-07-01;01/07/2026 a 02/07/2026;21127342;Liliane Moreira Neves;UTI Adulto 2;;30;False;B. Braun;Bomba de infusão B. Braun;Google Forms 2026;True;matrícula;False
2026;2026-07-01;01/07/2026 a 02/07/2026;21128866;Liliene De Almeida Rodrigues;Centro Cirúrgico;;30;False;B. Braun;Bomba de infusão B. Braun;Google Forms 2026;True;matrícula;False
2026;2026-07-01;01/07/2026 a 02/07/2026;21128825;Luan Funchal De Souza Siqueira;Unidade de Emergência;;30;False;B. Braun;Bomba de infusão B. Braun;Google Forms 2026;True;matrícula;False
2026;2026-07-01;01/07/2026 a 02/07/2026;21128806;Luan Jhonny Bracioli Lavos;UTI Adulto 2;;30;False;B. Braun;Bomba de infusão B. Braun;Google Forms 2026;True;matrícula;False
2026;2026-07-01;01/07/2026 a 02/07/2026;21128744;Lucas Peixoto Braguin;Centro Cirúrgico;;30;False;B. Braun;Bomba de infusão B. Braun;Google Forms 2026;True;matrícula;False
2026;2026-07-01;01/07/2026 a 02/07/2026;21122696;Luciana Aparecida Figueira Borges;Maternidade;;30;False;B. Braun;Bomba de infusão B. Braun;Google Forms 2026;True;matrícula;False
2026;2026-07-01;01/07/2026 a 02/07/2026;21129126;Luciana Soares Rocha;;;30;False;B. Braun;Bomba de infusão B. Braun;Google Forms 2026;False;;False
2026;2026-07-01;01/07/2026 a 02/07/2026;21127767;Luciano Daniel;;;30;False;B. Braun;Bomba de infusão B. Braun;Google Forms 2026;False;;False
2026;2026-07-01;01/07/2026 a 02/07/2026;21125482;Lucinea Fatima Amaral;Centro Cirúrgico;;30;False;B. Braun;Bomba de infusão B. Braun;Google Forms 2026;True;matrícula;False
2026;2026-07-01;01/07/2026 a 02/07/2026;21126270;Lucio Antonio Fonseca Rezende;Centro Cirúrgico;;30;False;B. Braun;Bomba de infusão B. Braun;Google Forms 2026;True;matrícula;False
2026;2026-07-01;01/07/2026 a 02/07/2026;21128592;Luiz Ricardo Batista Silva;Ala 5;;30;False;B. Braun;Bomba de infusão B. Braun;Google Forms 2026;True;matrícula;False
2026;2026-07-01;01/07/2026 a 02/07/2026;21127780;Luna Rita Da Silva De Paula;Centro Cirúrgico;;30;False;B. Braun;Bomba de infusão B. Braun;Google Forms 2026;True;matrícula;False
2026;2026-07-01;01/07/2026 a 02/07/2026;21128083;Maida Camila Fernandes Da Silva;Unidade de Emergência;;30;False;B. Braun;Bomba de infusão B. Braun;Google Forms 2026;True;matrícula;False
2026;2026-07-01;01/07/2026 a 02/07/2026;21128361;Maira Essado Bertoni Alvarenga;Pediatria;;30;False;B. Braun;Bomba de infusão B. Braun;Google Forms 2026;True;matrícula;False
2026;2026-07-01;01/07/2026 a 02/07/2026;21127572;Maisa Sueli Ferreira;UTI Neonatal / Infantil;;30;False;B. Braun;Bomba de infusão B. Braun;Google Forms 2026;True;matrícula;False
2026;2026-07-01;01/07/2026 a 02/07/2026;21129022;Marcela Adriane Arcari;;;30;False;B. Braun;Bomba de infusão B. Braun;Google Forms 2026;False;;False
2026;2026-07-01;01/07/2026 a 02/07/2026;21128447;Marcia C F Nascimento Figueirali;Pediatria;;30;False;B. Braun;Bomba de infusão B. Braun;Google Forms 2026;True;matrícula;False
2026;2026-07-01;01/07/2026 a 02/07/2026;21126845;Marcia Maria Tavares Melaro;;;30;False;B. Braun;Bomba de infusão B. Braun;Google Forms 2026;False;;False
2026;2026-07-01;01/07/2026 a 02/07/2026;21127247;Marcilene Dos Santos Ferreira;;;30;False;B. Braun;Bomba de infusão B. Braun;Google Forms 2026;False;;False
2026;2026-07-01;01/07/2026 a 02/07/2026;21127926;Marcus Brenno Cendrete;;;30;False;B. Braun;Bomba de infusão B. Braun;Google Forms 2026;False;;False
2026;2026-07-01;01/07/2026 a 02/07/2026;21128743;Maria Carolina Carvalho De Andrade;;;30;False;B. Braun;Bomba de infusão B. Braun;Google Forms 2026;False;;False
2026;2026-07-01;01/07/2026 a 02/07/2026;21128254;Maria Eduarda Bastianini Carvalho;Centro Cirúrgico;;30;False;B. Braun;Bomba de infusão B. Braun;Google Forms 2026;True;nome;False
2026;2026-07-01;01/07/2026 a 02/07/2026;11207853;Maria Eduarda Coutinho Borges;Unilar;;30;False;B. Braun;Bomba de infusão B. Braun;Google Forms 2026;True;matrícula;False
2026;2026-07-01;01/07/2026 a 02/07/2026;21129080;Maria Eduarda Ferrari Miguel Vieira;;;30;False;B. Braun;Bomba de infusão B. Braun;Google Forms 2026;False;;False
2026;2026-07-01;01/07/2026 a 02/07/2026;21129044;Maria Eduarda Rocha De Oliveira;;;30;False;B. Braun;Bomba de infusão B. Braun;Google Forms 2026;False;;False
2026;2026-07-01;01/07/2026 a 02/07/2026;21128409;Maria Eduarda Vicente Da Silva Teixeira;;;30;False;B. Braun;Bomba de infusão B. Braun;Google Forms 2026;False;;False
2026;2026-07-01;01/07/2026 a 02/07/2026;21127652;Maria Eloisa Querubim Dos Santos;;;30;False;B. Braun;Bomba de infusão B. Braun;Google Forms 2026;False;;False
2026;2026-07-01;01/07/2026 a 02/07/2026;21128900;Maria Gabriella Dos Santos Marinho;;;30;False;B. Braun;Bomba de infusão B. Braun;Google Forms 2026;False;;False
2026;2026-07-01;01/07/2026 a 02/07/2026;11207339;Maria Gabrielly Medeiros;;;30;False;B. Braun;Bomba de infusão B. Braun;Google Forms 2026;False;;False
2026;2026-07-01;01/07/2026 a 02/07/2026;21128780;Maria Jose De Barros;Maternidade;;30;False;B. Braun;Bomba de infusão B. Braun;Google Forms 2026;True;matrícula;False
2026;2026-07-01;01/07/2026 a 02/07/2026;21007833;Maria Lucia Silva;;;30;False;B. Braun;Bomba de infusão B. Braun;Google Forms 2026;False;;False
2026;2026-07-01;01/07/2026 a 02/07/2026;21010774;Maria Luiza Lara Padua;Unidade de Emergência;;30;False;B. Braun;Bomba de infusão B. Braun;Google Forms 2026;True;matrícula;False
2026;2026-07-01;01/07/2026 a 02/07/2026;21129027;Maria Neusa Alves Vieira Prates;;;30;False;B. Braun;Bomba de infusão B. Braun;Google Forms 2026;False;;False
2026;2026-07-01;01/07/2026 a 02/07/2026;11207909;Maria Rita Vieira De Oliveira;Unilar;;30;False;B. Braun;Bomba de infusão B. Braun;Google Forms 2026;True;matrícula;False
2026;2026-07-01;01/07/2026 a 02/07/2026;21128351;Mariana Candida Cardoso;;;30;False;B. Braun;Bomba de infusão B. Braun;Google Forms 2026;False;;False
2026;2026-07-01;01/07/2026 a 02/07/2026;21127396;Mariana Da Silva Matoso;Ala 5;;30;False;B. Braun;Bomba de infusão B. Braun;Google Forms 2026;True;matrícula;False
2026;2026-07-01;01/07/2026 a 02/07/2026;21127786;Mariana De Sousa Silva;UTI Neonatal / Infantil;;30;False;B. Braun;Bomba de infusão B. Braun;Google Forms 2026;True;matrícula;False
2026;2026-07-01;01/07/2026 a 02/07/2026;21129074;Mariane Aparecida Da Silva Ferrarezi;;;30;False;B. Braun;Bomba de infusão B. Braun;Google Forms 2026;False;;False
2026;2026-07-01;01/07/2026 a 02/07/2026;21127474;Marilene Francisca De Oliveira Pandolfi;Ala 3;;30;False;B. Braun;Bomba de infusão B. Braun;Google Forms 2026;True;matrícula;False
2026;2026-07-01;01/07/2026 a 02/07/2026;21128857;Marilia Adler Galvao Da Silva;UTI Adulto 2;;30;False;B. Braun;Bomba de infusão B. Braun;Google Forms 2026;True;matrícula;False
2026;2026-07-01;01/07/2026 a 02/07/2026;21129057;Marina Costa De Sousa;;;30;False;B. Braun;Bomba de infusão B. Braun;Google Forms 2026;False;;False
2026;2026-07-01;01/07/2026 a 02/07/2026;21128139;Marina Rios;Ala 1 – Clínica Médica;;30;False;B. Braun;Bomba de infusão B. Braun;Google Forms 2026;True;matrícula;False
2026;2026-07-01;01/07/2026 a 02/07/2026;21127284;Matheus Leite Vaz;Ala 3;;30;False;B. Braun;Bomba de infusão B. Braun;Google Forms 2026;True;matrícula;False
2026;2026-07-01;01/07/2026 a 02/07/2026;32001128;Mayra De Sousa Carvalho;;;30;False;B. Braun;Bomba de infusão B. Braun;Google Forms 2026;False;;False
2026;2026-07-01;01/07/2026 a 02/07/2026;21127068;Michele Cristina Alves Carneiro;UTI Adulto 1;;30;False;B. Braun;Bomba de infusão B. Braun;Google Forms 2026;True;matrícula;False
2026;2026-07-01;01/07/2026 a 02/07/2026;21128988;Michele Pereira Goncalves;;;30;False;B. Braun;Bomba de infusão B. Braun;Google Forms 2026;False;;False
2026;2026-07-01;01/07/2026 a 02/07/2026;21127938;Milena Santos Silva;;;30;False;B. Braun;Bomba de infusão B. Braun;Google Forms 2026;False;;False
2026;2026-07-01;01/07/2026 a 02/07/2026;21128524;Mirely Rosa Galvao Da Silva;Pediatria;;30;False;B. Braun;Bomba de infusão B. Braun;Google Forms 2026;True;nome;False
2026;2026-07-01;01/07/2026 a 02/07/2026;21128820;Monique Cristina Inacio Rezende;Ala 1 – Clínica Médica;;30;False;B. Braun;Bomba de infusão B. Braun;Google Forms 2026;True;matrícula;False
2026;2026-07-01;01/07/2026 a 02/07/2026;21129128;Naiara Gabriela Guerra;;;30;False;B. Braun;Bomba de infusão B. Braun;Google Forms 2026;False;;False
2026;2026-07-01;01/07/2026 a 02/07/2026;21128268;Naiara Livia Aparecida Camargos;;;30;False;B. Braun;Bomba de infusão B. Braun;Google Forms 2026;False;;False
2026;2026-07-01;01/07/2026 a 02/07/2026;21128433;Natalia Lorrany Silva Santos;;;30;False;B. Braun;Bomba de infusão B. Braun;Google Forms 2026;False;;False
2026;2026-07-01;01/07/2026 a 02/07/2026;21128800;Natalia Pereira Luna;Tomografia;;30;False;B. Braun;Bomba de infusão B. Braun;Google Forms 2026;True;matrícula;False
2026;2026-07-01;01/07/2026 a 02/07/2026;21128167;Nayara Aparecida De Oliveira Rejani;Centro Cirúrgico;;30;False;B. Braun;Bomba de infusão B. Braun;Google Forms 2026;True;matrícula;False
2026;2026-07-01;01/07/2026 a 02/07/2026;21126700;Nayara Fidelis Oliveira Silva;CDI;;30;False;B. Braun;Bomba de infusão B. Braun;Google Forms 2026;True;matrícula;False
2026;2026-07-01;01/07/2026 a 02/07/2026;21120201;Nilza Cristina Gabriel Avila;Hospital Dia;;30;False;B. Braun;Bomba de infusão B. Braun;Google Forms 2026;True;matrícula;False
2026;2026-07-01;01/07/2026 a 02/07/2026;21128100;Nivia Aparecida Araujo Monteiro;UTI Neonatal / Infantil;;30;False;B. Braun;Bomba de infusão B. Braun;Google Forms 2026;True;matrícula;False
2026;2026-07-01;01/07/2026 a 02/07/2026;21127429;Noeli Cristina De Oliveira;UTI Neonatal / Infantil;;30;False;B. Braun;Bomba de infusão B. Braun;Google Forms 2026;True;matrícula;False
2026;2026-07-01;01/07/2026 a 02/07/2026;21127733;Otavio Augusto Siqueira Bizzi;Unidade de Emergência;;30;False;B. Braun;Bomba de infusão B. Braun;Google Forms 2026;True;matrícula;False
2026;2026-07-01;01/07/2026 a 02/07/2026;21127918;Pamela Queiroz Dos Santos;;;30;False;B. Braun;Bomba de infusão B. Braun;Google Forms 2026;False;;False
2026;2026-07-01;01/07/2026 a 02/07/2026;21128649;Paola Renata Da Silva Alves;Tomografia;;30;False;B. Braun;Bomba de infusão B. Braun;Google Forms 2026;True;matrícula;False
2026;2026-07-01;01/07/2026 a 02/07/2026;21127800;Patricia Santos Fernandes;Unidade de Emergência;;30;False;B. Braun;Bomba de infusão B. Braun;Google Forms 2026;True;matrícula;False
2026;2026-07-01;01/07/2026 a 02/07/2026;21124711;Paula Gabriela Ribeiro Serapiao;;;30;False;B. Braun;Bomba de infusão B. Braun;Google Forms 2026;False;;False
2026;2026-07-01;01/07/2026 a 02/07/2026;21128707;Priscila Fernandes De Oliveira Andrade;UTI Adulto 2;;30;False;B. Braun;Bomba de infusão B. Braun;Google Forms 2026;True;matrícula;False
2026;2026-07-01;01/07/2026 a 02/07/2026;21126705;Priscila Roberta Dos Santos Sampaio;CME;;30;False;B. Braun;Bomba de infusão B. Braun;Google Forms 2026;True;matrícula;False
2026;2026-07-01;01/07/2026 a 02/07/2026;21128152;Rafael Aguiar Mendes;Unidade de Emergência;;30;False;B. Braun;Bomba de infusão B. Braun;Google Forms 2026;True;matrícula;False
2026;2026-07-01;01/07/2026 a 02/07/2026;11206900;Rafael Da Silva Pinheiro;;;30;False;B. Braun;Bomba de infusão B. Braun;Google Forms 2026;False;;False
2026;2026-07-01;01/07/2026 a 02/07/2026;21128425;Rafael Dos Santos;Ala 5;;30;False;B. Braun;Bomba de infusão B. Braun;Google Forms 2026;True;matrícula;False
2026;2026-07-01;01/07/2026 a 02/07/2026;21129049;Rafaella Donadeli Borges;;;30;False;B. Braun;Bomba de infusão B. Braun;Google Forms 2026;False;;False
2026;2026-07-01;01/07/2026 a 02/07/2026;21129125;Raiane Alexandra Ferreira Da Silva;;;30;False;B. Braun;Bomba de infusão B. Braun;Google Forms 2026;False;;False
2026;2026-07-01;01/07/2026 a 02/07/2026;21128483;Raquel Gomes Fontenele;;;30;False;B. Braun;Bomba de infusão B. Braun;Google Forms 2026;False;;False
2026;2026-07-01;01/07/2026 a 02/07/2026;21126152;Rejane Cristina Ferreira Custodio;UTI Adulto 1;;30;False;B. Braun;Bomba de infusão B. Braun;Google Forms 2026;True;matrícula;False
2026;2026-07-01;01/07/2026 a 02/07/2026;21127645;Renata Daniela Ribeiro Da Silva;Maternidade;;30;False;B. Braun;Bomba de infusão B. Braun;Google Forms 2026;True;matrícula;False
2026;2026-07-01;01/07/2026 a 02/07/2026;21128401;Renato Henrique De Oliveira;Ala 3;;30;False;B. Braun;Bomba de infusão B. Braun;Google Forms 2026;True;matrícula;False
2026;2026-07-01;01/07/2026 a 02/07/2026;21128867;Ricardo Dos Santos Almeida;;;30;False;B. Braun;Bomba de infusão B. Braun;Google Forms 2026;False;;False
2026;2026-07-01;01/07/2026 a 02/07/2026;21128764;Roberta Aparecida De Oliveira;Ala 5;;30;False;B. Braun;Bomba de infusão B. Braun;Google Forms 2026;True;matrícula;False
2026;2026-07-01;01/07/2026 a 02/07/2026;21127252;Roberta Masson Montes;Ala 5;;30;False;B. Braun;Bomba de infusão B. Braun;Google Forms 2026;True;matrícula;False
2026;2026-07-01;01/07/2026 a 02/07/2026;21128723;Roberta Rodrigues Tonhatti;UTI Adulto 1;;30;False;B. Braun;Bomba de infusão B. Braun;Google Forms 2026;True;matrícula;False
2026;2026-07-01;01/07/2026 a 02/07/2026;21127383;Rosa Aparecida Andre;UTI Adulto 1;;30;False;B. Braun;Bomba de infusão B. Braun;Google Forms 2026;True;nome;False
2026;2026-07-01;01/07/2026 a 02/07/2026;21127648;Rosane Carvalho Abranches De Faria Silva;UTI Adulto 2;;30;False;B. Braun;Bomba de infusão B. Braun;Google Forms 2026;True;matrícula;False
2026;2026-07-01;01/07/2026 a 02/07/2026;21127150;Roseli Leite Da Silva Ferreira;UTI Adulto 2;;30;False;B. Braun;Bomba de infusão B. Braun;Google Forms 2026;True;matrícula;False
2026;2026-07-01;01/07/2026 a 02/07/2026;21128831;Rosinea Aparecida Sabino;Endoscopia;;30;False;B. Braun;Bomba de infusão B. Braun;Google Forms 2026;True;matrícula;False
2026;2026-07-01;01/07/2026 a 02/07/2026;21128836;Sabrina Esteves Alves;UTI Adulto 2;;30;False;B. Braun;Bomba de infusão B. Braun;Google Forms 2026;True;matrícula;False
2026;2026-07-01;01/07/2026 a 02/07/2026;21127358;Samanta Aparecida Pereira;Ala 1 – Clínica Médica;;30;False;B. Braun;Bomba de infusão B. Braun;Google Forms 2026;True;matrícula;False
2026;2026-07-01;01/07/2026 a 02/07/2026;21128935;Sara Maria Tavares Silva;;;30;False;B. Braun;Bomba de infusão B. Braun;Google Forms 2026;False;;False
2026;2026-07-01;01/07/2026 a 02/07/2026;21128546;Sheila D Arc Bazon;Hemodinâmica;;30;False;B. Braun;Bomba de infusão B. Braun;Google Forms 2026;True;matrícula;False
2026;2026-07-01;01/07/2026 a 02/07/2026;21128619;Silmara Alves Adao Teixeira;;;30;False;B. Braun;Bomba de infusão B. Braun;Google Forms 2026;False;;False
2026;2026-07-01;01/07/2026 a 02/07/2026;21128902;Silmara De Souza Rodrigues;Ala 5;;30;False;B. Braun;Bomba de infusão B. Braun;Google Forms 2026;True;matrícula;False
2026;2026-07-01;01/07/2026 a 02/07/2026;21128029;Silvana De Carvalho;UTI Adulto 1;;30;False;B. Braun;Bomba de infusão B. Braun;Google Forms 2026;True;matrícula;False
2026;2026-07-01;01/07/2026 a 02/07/2026;21127660;Silvia Helena Oliveira;CDI;;30;False;B. Braun;Bomba de infusão B. Braun;Google Forms 2026;True;matrícula;False
2026;2026-07-01;01/07/2026 a 02/07/2026;21128525;Simone Barbosa;Pediatria;;30;False;B. Braun;Bomba de infusão B. Braun;Google Forms 2026;True;matrícula;False
2026;2026-07-01;01/07/2026 a 02/07/2026;21127547;Stella Bilinky De Souza;Unidade de Emergência;;30;False;B. Braun;Bomba de infusão B. Braun;Google Forms 2026;True;matrícula;False
2026;2026-07-01;01/07/2026 a 02/07/2026;21129123;Stephany Helen Santos;;;30;False;B. Braun;Bomba de infusão B. Braun;Google Forms 2026;False;;False
2026;2026-07-01;01/07/2026 a 02/07/2026;21127948;Stephany Sgarbi Leal;CDC;;30;False;B. Braun;Bomba de infusão B. Braun;Google Forms 2026;True;matrícula;False
2026;2026-07-01;01/07/2026 a 02/07/2026;21128496;Suelen Silva De Avila;Unidade de Emergência;;30;False;B. Braun;Bomba de infusão B. Braun;Google Forms 2026;True;matrícula;False
2026;2026-07-01;01/07/2026 a 02/07/2026;21128212;Tais Cristina De Oliveira;Tomografia;;30;False;B. Braun;Bomba de infusão B. Braun;Google Forms 2026;True;matrícula;False
2026;2026-07-01;01/07/2026 a 02/07/2026;21128180;Tais Fernanda Bonatti Da Silva;Centro Cirúrgico;;30;False;B. Braun;Bomba de infusão B. Braun;Google Forms 2026;True;matrícula;False
2026;2026-07-01;01/07/2026 a 02/07/2026;21127322;Talita Fernandes Rodrigues Borges;UTI Neonatal / Infantil;;30;False;B. Braun;Bomba de infusão B. Braun;Google Forms 2026;True;matrícula;False
2026;2026-07-01;01/07/2026 a 02/07/2026;21128086;Tatiana Aparecida Braz De Moura;Ala 1 – Clínica Médica;;30;False;B. Braun;Bomba de infusão B. Braun;Google Forms 2026;True;matrícula;False
2026;2026-07-01;01/07/2026 a 02/07/2026;21127564;Tatiana Guiraldelli Barbosa;Maternidade;;30;False;B. Braun;Bomba de infusão B. Braun;Google Forms 2026;True;matrícula;False
2026;2026-07-01;01/07/2026 a 02/07/2026;21127344;Tatiane Aparecida Miguel De Souza;Maternidade;;30;False;B. Braun;Bomba de infusão B. Braun;Google Forms 2026;True;matrícula;False
2026;2026-07-01;01/07/2026 a 02/07/2026;21127003;Tatiane De Moura;Maternidade;;30;False;B. Braun;Bomba de infusão B. Braun;Google Forms 2026;True;matrícula;False
2026;2026-07-01;01/07/2026 a 02/07/2026;21128252;Tauane Dos Santos Ferrari;;;30;False;B. Braun;Bomba de infusão B. Braun;Google Forms 2026;False;;False
2026;2026-07-01;01/07/2026 a 02/07/2026;21128458;Tayani Paula De Souza;Centro Cirúrgico;;30;False;B. Braun;Bomba de infusão B. Braun;Google Forms 2026;True;matrícula;False
2026;2026-07-01;01/07/2026 a 02/07/2026;21126855;Taynah Lopes Silva Ribeiro;Maternidade;;30;False;B. Braun;Bomba de infusão B. Braun;Google Forms 2026;True;matrícula;False
2026;2026-07-01;01/07/2026 a 02/07/2026;21127806;Thaila Cristina Ribeiro Goncalves;;;30;False;B. Braun;Bomba de infusão B. Braun;Google Forms 2026;False;;False
2026;2026-07-01;01/07/2026 a 02/07/2026;21128989;Thais Del Carlo Mine;Tomografia;;30;False;B. Braun;Bomba de infusão B. Braun;Google Forms 2026;True;matrícula;False
2026;2026-07-01;01/07/2026 a 02/07/2026;21128481;Thauany Monique Silva De Oliveira;;;30;False;B. Braun;Bomba de infusão B. Braun;Google Forms 2026;False;;False
2026;2026-07-01;01/07/2026 a 02/07/2026;21127513;Thiago Xavier Silveira;;;30;False;B. Braun;Bomba de infusão B. Braun;Google Forms 2026;False;;False
2026;2026-07-01;01/07/2026 a 02/07/2026;21129132;Tulio Cesar Silva Passos;;;30;False;B. Braun;Bomba de infusão B. Braun;Google Forms 2026;False;;False
2026;2026-07-01;01/07/2026 a 02/07/2026;21127711;Vagner Luis Ultramari;Centro Cirúrgico;;30;False;B. Braun;Bomba de infusão B. Braun;Google Forms 2026;True;matrícula;False
2026;2026-07-01;01/07/2026 a 02/07/2026;32001123;Vanessa Cintra Moura;;;30;False;B. Braun;Bomba de infusão B. Braun;Google Forms 2026;False;;False
2026;2026-07-01;01/07/2026 a 02/07/2026;21128904;Vanessa Cristina De O Gomes Hugo;Endoscopia;;30;False;B. Braun;Bomba de infusão B. Braun;Google Forms 2026;True;matrícula;False
2026;2026-07-01;01/07/2026 a 02/07/2026;21127743;Vanessa Cristina Rosa;Centro Cirúrgico Ambulatorial;;30;False;B. Braun;Bomba de infusão B. Braun;Google Forms 2026;True;matrícula;False
2026;2026-07-01;01/07/2026 a 02/07/2026;21128558;Vanessa Eneida Soares Santos;Centro Cirúrgico;;30;False;B. Braun;Bomba de infusão B. Braun;Google Forms 2026;True;matrícula;False
2026;2026-07-01;01/07/2026 a 02/07/2026;21128327;Vanessa Leite Del Bianco;Ala 2;;30;False;B. Braun;Bomba de infusão B. Braun;Google Forms 2026;True;matrícula;False
2026;2026-07-01;01/07/2026 a 02/07/2026;21128837;Vanessa Randi Teodoro;Maternidade;;30;False;B. Braun;Bomba de infusão B. Braun;Google Forms 2026;True;nome;False
2026;2026-07-01;01/07/2026 a 02/07/2026;21127420;Vania Cristina Bueno;;;30;False;B. Braun;Bomba de infusão B. Braun;Google Forms 2026;False;;False
2026;2026-07-01;01/07/2026 a 02/07/2026;21129078;Vilma Lucia Siqueira Ribeiro;;;30;False;B. Braun;Bomba de infusão B. Braun;Google Forms 2026;False;;False
2026;2026-07-01;01/07/2026 a 02/07/2026;21128427;Vitoria Alves Medrado Nascimento;Ala 2;;30;False;B. Braun;Bomba de infusão B. Braun;Google Forms 2026;True;matrícula;False
2026;2026-07-01;01/07/2026 a 02/07/2026;21128257;Vitoria Caina Ferreira De Almeida;Centro Cirúrgico Ambulatorial;;30;False;B. Braun;Bomba de infusão B. Braun;Google Forms 2026;True;matrícula;False
2026;2026-07-01;01/07/2026 a 02/07/2026;21127685;Vitoria Fernanda Pereira Cassiano;Quimioterapia;;30;False;B. Braun;Bomba de infusão B. Braun;Google Forms 2026;True;matrícula;False
2026;2026-07-01;01/07/2026 a 02/07/2026;21128555;Wallace Marques Evangelista Silveira;;;30;False;B. Braun;Bomba de infusão B. Braun;Google Forms 2026;False;;False
2026;2026-07-01;01/07/2026 a 02/07/2026;21128067;Wallisson Silva Andrade;UTI Adulto 2;;30;False;B. Braun;Bomba de infusão B. Braun;Google Forms 2026;True;matrícula;False
2026;2026-07-01;01/07/2026 a 02/07/2026;21128459;Weslei Francisco Martins;Ala 5;;30;False;B. Braun;Bomba de infusão B. Braun;Google Forms 2026;True;matrícula;False
2026;2026-07-01;01/07/2026 a 02/07/2026;21127011;William Cesar Santos De Sousa;Unidade de Emergência;;30;False;B. Braun;Bomba de infusão B. Braun;Google Forms 2026;True;matrícula;False
2026;2026-07-01;01/07/2026 a 02/07/2026;21127418;Zilma Aparecida Da Silva;Ala 1 – Clínica Médica;;30;False;B. Braun;Bomba de infusão B. Braun;Google Forms 2026;True;matrícula;False
